classifier,dataset,fit_time_s_baseline,fit_time_s_new,fit_time_s_delta,predict_time_s_baseline,predict_time_s_new,predict_time_s_delta,predict_time_per_sample_ms_baseline,predict_time_per_sample_ms_new,predict_time_per_sample_ms_delta,peak_fit_mem_mb_baseline,peak_fit_mem_mb_new,peak_fit_mem_mb_delta,accuracy_baseline,accuracy_new,accuracy_delta,balanced_accuracy_baseline,balanced_accuracy_new,balanced_accuracy_delta,train_cv_accuracy_baseline,train_cv_accuracy_new,train_cv_accuracy_delta,dataset_type,train_size_bin,series_len_bin,n_classes_bin,n_features_baseline,n_features_new
WEASEL2_half,ACSF1,2.1735,1.5823,-0.5912,1.2225,0.6746,-0.5479,12.2254,6.7465,-5.4789,90.57,91.96,1.39,0.93,0.95,0.02,0.93,0.95,0.02,-0.185615,-0.206031,-0.020416,DEVICE,small (n<100),long (>800),many (10+),17898,8716
WEASEL2_half,Adiac,4.4664,2.9096,-1.5568,1.8395,0.9407,-0.8988,4.7045,2.4058,-2.2987,558.83,308.95,-249.88,0.84399,0.841432,-0.002558,0.853155,0.852275,-0.00088,-0.045617,-0.046973,-0.001356,IMAGE,medium (100-500),medium (200-800),many (10+),46751,25840
WEASEL2_half,ArrowHead,0.4151,0.2697,-0.1454,0.3597,0.2077,-0.152,2.0553,1.187,-0.8683,21.63,10.5,-11.13,0.857143,0.874286,0.017143,0.864643,0.882053,0.01741,-0.315629,-0.313307,0.002322,IMAGE,small (n<100),short (<200),mid (3-9),18970,9117
WEASEL2_half,BME,0.3269,0.2278,-0.0991,0.1844,0.0918,-0.0926,1.2292,0.6117,-0.6175,18.59,9.05,-9.54,0.98,0.973333,-0.006667,0.98,0.973333,-0.006667,-0.156256,-0.155915,0.000341,SIMULATED,small (n<100),short (<200),mid (3-9),19550,9411
WEASEL2_half,Beef,0.4599,0.3049,-0.155,0.1276,0.0638,-0.0638,4.2533,2.1257,-2.1276,19.03,9.19,-9.84,0.833333,0.833333,0.0,0.833333,0.833333,0.0,-0.405047,-0.396919,0.008128,SPECTRO,small (n<100),medium (200-800),mid (3-9),19741,9433
WEASEL2_half,BeetleFly,0.4213,0.2883,-0.133,0.1098,0.0648,-0.045,5.488,3.2401,-2.2479,12.82,6.28,-6.54,0.95,0.95,0.0,0.95,0.95,0.0,-0.294579,-0.299599,-0.00502,IMAGE,small (n<100),medium (200-800),binary (2),19390,9381
WEASEL2_half,BirdChicken,0.4065,0.2851,-0.1214,0.1066,0.0556,-0.051,5.3285,2.7801,-2.5484,12.63,6.16,-6.47,0.9,0.9,0.0,0.9,0.9,0.0,-0.271445,-0.283424,-0.011979,IMAGE,small (n<100),medium (200-800),binary (2),19080,9197
WEASEL2_half,CBF,0.3374,0.2196,-0.1178,0.9487,0.5224,-0.4263,1.0541,0.5804,-0.4737,20.06,9.86,-10.2,0.982222,0.978889,-0.003333,0.982237,0.978926,-0.003311,-0.197581,-0.196912,0.000669,SIMULATED,small (n<100),short (<200),mid (3-9),21141,10325
WEASEL2_half,Car,1.0025,0.465,-0.5375,0.3405,0.1641,-0.1764,5.6754,2.7346,-2.9408,47.1,16.13,-30.97,0.916667,0.883333,-0.033334,0.915992,0.883603,-0.032389,-0.191274,-0.216408,-0.025134,SENSOR,small (n<100),medium (200-800),mid (3-9),18038,8492
WEASEL2_half,Chinatown,0.2533,0.1751,-0.0782,0.0966,0.0578,-0.0388,0.2816,0.1686,-0.113,5.19,2.49,-2.7,0.976676,0.976676,0.0,0.983936,0.983936,0.0,-0.15314,-0.13833,0.01481,TRAFFIC,small (n<100),short (<200),binary (2),7364,3560
WEASEL2_half,ChlorineConcentration,5.3323,3.3497,-1.9826,19.0545,10.6461,-8.4084,4.9621,2.7724,-2.1897,778.47,442.97,-335.5,0.766146,0.758594,-0.007552,0.713065,0.706623,-0.006442,-0.429147,-0.459787,-0.03064,SIMULATED,medium (100-500),short (<200),mid (3-9),54469,31002
WEASEL2_half,CinCECGTorso,1.0317,0.7054,-0.3263,18.7395,10.789,-7.9505,13.5793,7.8181,-5.7612,29.6,28.43,-1.17,0.962319,0.958696,-0.003623,0.96217,0.958519,-0.003651,-0.199027,-0.213314,-0.014287,ECG,small (n<100),long (>800),mid (3-9),20829,10294
WEASEL2_half,Coffee,0.7606,0.2929,-0.4677,0.1059,0.0592,-0.0467,3.7823,2.116,-1.6663,14.86,7.04,-7.82,1.0,1.0,0.0,1.0,1.0,0.0,-0.114697,-0.111743,0.002954,SPECTRO,small (n<100),medium (200-800),binary (2),16470,7710
WEASEL2_half,Computers,8.4179,4.9787,-3.4392,5.2581,3.0107,-2.2474,21.0326,12.0427,-8.9899,434.48,265.0,-169.48,0.704,0.696,-0.008,0.704,0.696,-0.008,-0.537415,-0.51781,0.019605,DEVICE,medium (100-500),medium (200-800),binary (2),56523,34501
WEASEL2_half,CricketX,6.9149,3.8863,-3.0286,3.161,1.6748,-1.4862,8.105,4.2944,-3.8106,687.57,434.92,-252.65,0.812821,0.802564,-0.010257,0.819957,0.81014,-0.009817,-0.118933,-0.127105,-0.008172,MOTION,medium (100-500),medium (200-800),many (10+),57568,36425
WEASEL2_half,CricketY,6.3751,3.854,-2.5211,3.0003,1.6331,-1.3672,7.6931,4.1873,-3.5058,687.3,432.21,-255.09,0.807692,0.817949,0.010257,0.809176,0.819933,0.010757,-0.121512,-0.130096,-0.008584,MOTION,medium (100-500),medium (200-800),many (10+),57547,36198
WEASEL2_half,CricketZ,6.2157,3.8829,-2.3328,3.0097,1.661,-1.3487,7.7172,4.2589,-3.4583,687.53,434.43,-253.1,0.807692,0.807692,0.0,0.800486,0.80067,0.000184,-0.123816,-0.131186,-0.00737,MOTION,medium (100-500),medium (200-800),many (10+),57567,36384
WEASEL2_half,Crop,76.6869,56.0121,-20.6748,18.2702,10.0503,-8.2199,1.0875,0.5982,-0.4893,9836.25,4847.04,-4989.21,0.760655,0.749583,-0.011072,0.760655,0.749583,-0.011072,-0.067833,-0.070384,-0.002551,IMAGE,large (n>500),short (<200),many (10+),44748,22044
WEASEL2_half,DiatomSizeReduction,0.3478,0.283,-0.0648,0.7883,0.4897,-0.2986,2.576,1.6002,-0.9758,6.68,3.16,-3.52,0.96732,0.96732,0.0,0.929159,0.929159,0.0,-0.193839,-0.195636,-0.001797,IMAGE,small (n<100),medium (200-800),mid (3-9),12042,5518
WEASEL2_half,DistalPhalanxOutlineAgeGroup,2.5266,1.6828,-0.8438,0.3702,0.1557,-0.2145,2.6635,1.1202,-1.5433,390.22,201.59,-188.63,0.769784,0.776978,0.007194,0.799623,0.802666,0.003043,-0.294586,-0.296811,-0.002225,IMAGE,medium (100-500),short (<200),mid (3-9),31869,16457
WEASEL2_half,DistalPhalanxOutlineCorrect,3.8549,2.3273,-1.5276,0.5825,0.2743,-0.3082,2.1103,0.9939,-1.1164,703.61,355.73,-347.88,0.775362,0.768116,-0.007246,0.75528,0.749068,-0.006212,-0.403738,-0.406532,-0.002794,IMAGE,large (n>500),short (<200),binary (2),38359,19389
WEASEL2_half,DistalPhalanxTW,2.482,1.6618,-0.8202,0.3683,0.1396,-0.2287,2.6495,1.0044,-1.6451,394.29,202.74,-191.55,0.690647,0.705036,0.014389,0.51492,0.519456,0.004536,-0.182256,-0.183993,-0.001737,IMAGE,medium (100-500),short (<200),mid (3-9),32201,16550
WEASEL2_half,ECG200,0.5138,0.398,-0.1158,0.233,0.0759,-0.1571,2.33,0.7592,-1.5708,62.78,30.64,-32.14,0.89,0.89,0.0,0.871528,0.871528,0.0,-0.342512,-0.34776,-0.005248,ECG,small (n<100),short (<200),binary (2),20352,9911
WEASEL2_half,ECG5000,5.3537,3.2856,-2.0681,13.4545,7.3177,-6.1368,2.9899,1.6262,-1.3637,888.45,517.7,-370.75,0.948222,0.947111,-0.001111,0.545705,0.541008,-0.004697,-0.065255,-0.067575,-0.00232,ECG,medium (100-500),short (<200),mid (3-9),57235,33853
WEASEL2_half,ECGFiveDays,0.3593,0.229,-0.1303,0.9753,0.5509,-0.4244,1.1328,0.6399,-0.4929,13.96,6.69,-7.27,0.970964,0.976771,0.005807,0.971064,0.976838,0.005774,-0.28154,-0.293609,-0.012069,ECG,small (n<100),short (<200),binary (2),18654,8952
WEASEL2_half,EOGHorizontalSignal,16.2202,9.9954,-6.2248,11.2615,6.5826,-4.6789,31.109,18.184,-12.925,631.6,394.35,-237.25,0.61326,0.604972,-0.008288,0.613666,0.605877,-0.007789,-0.109162,-0.115999,-0.006837,EOG,medium (100-500),long (>800),many (10+),56744,35473
WEASEL2_half,EOGVerticalSignal,16.4401,10.1061,-6.334,11.7311,6.7389,-4.9922,32.4064,18.6159,-13.7905,632.64,398.39,-234.25,0.475138,0.461326,-0.013812,0.476857,0.463141,-0.013716,-0.13153,-0.134987,-0.003457,EOG,medium (100-500),long (>800),many (10+),56854,35838
WEASEL2_half,Earthquakes,8.0146,4.68,-3.3346,2.4158,1.1914,-1.2244,17.38,8.571,-8.809,545.59,330.67,-214.92,0.748201,0.748201,0.0,0.5,0.5,0.0,-0.526539,-0.582689,-0.05615,SENSOR,medium (100-500),medium (200-800),binary (2),55236,33493
WEASEL2_half,ElectricDevices,127.9803,100.3017,-27.6786,14.0645,7.5017,-6.5628,1.824,0.9729,-0.8511,11924.99,5812.58,-6112.41,0.772014,0.765789,-0.006225,0.670491,0.661396,-0.009095,-0.113122,-0.119584,-0.006462,DEVICE,large (n>500),short (<200),mid (3-9),43721,21332
WEASEL2_half,EthanolLevel,29.8308,17.3583,-12.4725,22.2407,12.8853,-9.3554,44.4814,25.7705,-18.7109,821.27,695.96,-125.31,0.588,0.574,-0.014,0.588614,0.574533,-0.014081,-0.414381,-0.446032,-0.031651,SPECTRO,large (n>500),long (>800),mid (3-9),50863,31175
WEASEL2_half,FaceAll,5.8638,3.5758,-2.288,4.7385,2.6084,-2.1301,2.8038,1.5434,-1.2604,982.94,622.11,-360.83,0.784024,0.785207,0.001183,0.892471,0.893265,0.000794,-0.034663,-0.037151,-0.002488,IMAGE,large (n>500),short (<200),many (10+),57394,36330
WEASEL2_half,FaceFour,0.4951,0.3246,-0.1705,0.2944,0.1729,-0.1215,3.3458,1.9643,-1.3815,16.27,7.96,-8.31,0.943182,0.954545,0.011363,0.948427,0.958042,0.009615,-0.272854,-0.287646,-0.014792,IMAGE,small (n<100),medium (200-800),mid (3-9),21021,10183
WEASEL2_half,FacesUCR,0.9637,0.6123,-0.3514,2.3773,1.2311,-1.1462,1.1597,0.6005,-0.5592,130.81,63.97,-66.84,0.947317,0.939024,-0.008293,0.910632,0.896019,-0.014613,-0.074158,-0.077048,-0.00289,IMAGE,medium (100-500),short (<200),many (10+),21308,10406
WEASEL2_half,FiftyWords,7.0616,3.894,-3.1676,2.9465,1.519,-1.4275,6.4757,3.3385,-3.1372,736.45,432.92,-303.53,0.832967,0.832967,0.0,0.729409,0.7349,0.005491,-0.036047,-0.036757,-0.00071,IMAGE,medium (100-500),medium (200-800),many (10+),53439,31408
WEASEL2_half,Fish,1.4339,0.9025,-0.5314,0.8229,0.3872,-0.4357,4.7023,2.2125,-2.4898,99.75,47.29,-52.46,0.988571,0.977143,-0.011428,0.988946,0.977279,-0.011667,-0.091011,-0.099054,-0.008043,IMAGE,medium (100-500),medium (200-800),mid (3-9),18497,8751
WEASEL2_half,FordA,82.469,47.7202,-34.7488,14.6704,8.2074,-6.463,11.114,6.2177,-4.8963,6327.14,4016.07,-2311.07,0.960606,0.960606,0.0,0.960711,0.960663,-4.8e-05,-0.216579,-0.219459,-0.00288,SENSOR,large (n>500),medium (200-800),binary (2),57549,36530
WEASEL2_half,FordB,82.2775,47.8265,-34.451,9.1651,5.0313,-4.1338,11.3149,6.2115,-5.1034,6390.5,4059.2,-2331.3,0.839506,0.840741,0.001235,0.839247,0.840591,0.001344,-0.197846,-0.20203,-0.004184,SENSOR,large (n>500),medium (200-800),binary (2),57566,36567
WEASEL2_half,FreezerRegularTrain,1.0714,0.6663,-0.4051,7.2579,3.904,-3.3539,2.5466,1.3698,-1.1768,95.35,45.96,-49.39,0.993333,0.992281,-0.001052,0.993333,0.992281,-0.001052,-0.063928,-0.061813,0.002115,SENSOR,medium (100-500),medium (200-800),binary (2),20646,9935
WEASEL2_half,FreezerSmallTrain,0.4244,0.3029,-0.1215,7.1505,4.0215,-3.129,2.5089,1.4111,-1.0978,17.84,8.58,-9.26,0.974386,0.950526,-0.02386,0.974386,0.950526,-0.02386,-0.159199,-0.142631,0.016568,SENSOR,small (n<100),medium (200-800),binary (2),19912,9493
WEASEL2_half,GunPoint,0.4573,0.3161,-0.1412,0.2334,0.1309,-0.1025,1.5563,0.8729,-0.6834,27.89,13.34,-14.55,1.0,1.0,0.0,1.0,1.0,0.0,-0.077205,-0.074953,0.002252,MOTION,small (n<100),short (<200),binary (2),17828,8479
WEASEL2_half,GunPointAgeSpan,0.7483,0.5069,-0.2414,0.5745,0.249,-0.3255,1.8179,0.7879,-1.03,71.87,34.05,-37.82,1.0,1.0,0.0,1.0,1.0,0.0,-0.059993,-0.07109,-0.011097,MOTION,medium (100-500),short (<200),binary (2),17278,8166
WEASEL2_half,GunPointMaleVersusFemale,1.0831,0.5068,-0.5763,0.6662,0.2631,-0.4031,2.1083,0.8325,-1.2758,70.93,33.84,-37.09,0.996835,0.996835,0.0,0.996988,0.996988,0.0,-0.034384,-0.034344,4e-05,MOTION,medium (100-500),short (<200),binary (2),17049,8116
WEASEL2_half,GunPointOldVersusYoung,0.7589,0.501,-0.2579,0.582,0.258,-0.324,1.8476,0.8189,-1.0287,72.16,34.52,-37.64,0.993651,0.990476,-0.003175,0.993333,0.99,-0.003333,-0.060537,-0.056781,0.003756,MOTION,medium (100-500),short (<200),binary (2),17222,8220
WEASEL2_half,Ham,1.0422,0.6464,-0.3958,0.5509,0.2253,-0.3256,5.2463,2.1455,-3.1008,66.91,32.27,-34.64,0.761905,0.761905,0.0,0.761438,0.761438,0.0,-0.32257,-0.334223,-0.011653,SPECTRO,medium (100-500),medium (200-800),binary (2),19835,9544
WEASEL2_half,HandOutlines,88.1862,49.7107,-38.4755,23.9071,13.9296,-9.9775,64.6138,37.6476,-26.9662,1713.6,1097.32,-616.28,0.959459,0.945946,-0.013513,0.950208,0.93306,-0.017148,-0.238304,-0.24319,-0.004886,IMAGE,large (n>500),long (>800),binary (2),55894,33368
WEASEL2_half,Haptics,2.248,1.3867,-0.8613,2.6205,1.4329,-1.1876,8.508,4.6524,-3.8556,101.61,78.22,-23.39,0.49026,0.480519,-0.009741,0.490125,0.47973,-0.010395,-0.529634,-0.508737,0.020897,MOTION,medium (100-500),long (>800),mid (3-9),21174,10352
WEASEL2_half,Herring,0.7393,0.5252,-0.2141,0.41,0.166,-0.244,6.4063,2.5942,-3.8121,37.2,17.96,-19.24,0.671875,0.671875,0.0,0.620445,0.6083,-0.012145,-0.939458,-0.925581,0.013877,IMAGE,small (n<100),medium (200-800),binary (2),18544,8916
WEASEL2_half,HouseTwenty,1.3029,0.9373,-0.3656,1.8397,1.0154,-0.8243,15.4599,8.5332,-6.9267,34.83,38.96,4.13,0.966387,0.94958,-0.016807,0.96,0.94,-0.02,-0.147795,-0.171114,-0.023319,DEVICE,small (n<100),long (>800),binary (2),20846,10265
WEASEL2_half,InlineSkate,2.5138,1.4151,-1.0987,8.0122,4.5045,-3.5077,14.5677,8.1899,-6.3778,84.85,77.9,-6.95,0.443636,0.421818,-0.021818,0.449845,0.427985,-0.02186,-0.444079,-0.455891,-0.011812,MOTION,small (n<100),long (>800),mid (3-9),21267,10359
WEASEL2_half,InsectEPGRegularTrain,0.8471,0.5452,-0.3019,1.1264,0.6786,-0.4478,4.5238,2.7252,-1.7986,40.94,20.01,-20.93,1.0,1.0,0.0,1.0,1.0,0.0,-0.015226,-0.01515,7.6e-05,EPG,small (n<100),medium (200-800),mid (3-9),21075,10258
WEASEL2_half,InsectEPGSmallTrain,0.494,0.3516,-0.1424,1.2805,0.6757,-0.6048,5.1427,2.7135,-2.4292,11.89,5.83,-6.06,0.983936,0.97992,-0.004016,0.985019,0.981273,-0.003746,-0.078519,-0.087682,-0.009163,EPG,small (n<100),medium (200-800),mid (3-9),20877,10096
WEASEL2_half,InsectWingbeatSound,1.3368,0.8215,-0.5153,4.1051,2.2168,-1.8883,2.0733,1.1196,-0.9537,130.1,61.55,-68.55,0.637879,0.641919,0.00404,0.637879,0.641919,0.00404,-0.217569,-0.216957,0.000612,SOUND,medium (100-500),medium (200-800),many (10+),19255,9094
WEASEL2_half,ItalyPowerDemand,0.4147,0.2938,-0.1209,0.472,0.2485,-0.2235,0.4587,0.2415,-0.2172,30.35,14.77,-15.58,0.959184,0.95724,-0.001944,0.959144,0.957189,-0.001955,-0.190887,-0.190609,0.000278,SENSOR,small (n<100),short (<200),binary (2),14566,7054
WEASEL2_half,LargeKitchenAppliances,12.4426,7.3701,-5.0725,7.8495,4.5307,-3.3188,20.9321,12.0817,-8.8504,645.58,389.32,-256.26,0.810667,0.792,-0.018667,0.810667,0.792,-0.018667,-0.292627,-0.335534,-0.042907,DEVICE,medium (100-500),medium (200-800),mid (3-9),56127,33862
WEASEL2_half,Lightning2,0.8106,0.5499,-0.2607,0.3497,0.2202,-0.1295,5.7324,3.6099,-2.1225,36.51,17.37,-19.14,0.721311,0.754098,0.032787,0.709957,0.748377,0.03842,-0.712214,-0.745507,-0.033293,SENSOR,small (n<100),medium (200-800),binary (2),19352,9158
WEASEL2_half,Lightning7,0.9977,0.461,-0.5367,0.3469,0.1526,-0.1943,4.752,2.0905,-2.6615,42.02,19.98,-22.04,0.794521,0.780822,-0.013699,0.811195,0.801295,-0.0099,-0.269334,-0.275035,-0.005701,SENSOR,small (n<100),medium (200-800),mid (3-9),19276,9126
WEASEL2_half,Mallat,1.0173,0.6707,-0.3466,20.4378,12.2852,-8.1526,8.7155,5.2389,-3.4766,32.51,23.94,-8.57,0.938166,0.942431,0.004265,0.938817,0.943035,0.004218,-0.101117,-0.092935,0.008182,SIMULATED,small (n<100),long (>800),mid (3-9),18549,8880
WEASEL2_half,Meat,0.7099,0.4727,-0.2372,0.2494,0.1463,-0.1031,4.1575,2.4382,-1.7193,27.55,12.75,-14.8,0.916667,0.933333,0.016666,0.916667,0.933333,0.016666,-0.076766,-0.073052,0.003714,SPECTRO,small (n<100),medium (200-800),mid (3-9),14555,6682
WEASEL2_half,MedicalImages,2.6671,1.6852,-0.9819,1.4751,0.7595,-0.7156,1.9409,0.9994,-0.9415,489.9,239.99,-249.91,0.780263,0.769737,-0.010526,0.694331,0.662886,-0.031445,-0.154132,-0.156379,-0.002247,IMAGE,medium (100-500),short (<200),many (10+),42019,20573
WEASEL2_half,MiddlePhalanxOutlineAgeGroup,2.7155,1.6482,-1.0673,0.4187,0.1528,-0.2659,2.7189,0.9922,-1.7267,353.64,181.54,-172.1,0.61039,0.62987,0.01948,0.475144,0.481287,0.006143,-0.363397,-0.36242,0.000977,IMAGE,medium (100-500),short (<200),mid (3-9),28875,14816
WEASEL2_half,MiddlePhalanxOutlineCorrect,3.6528,2.2475,-1.4053,0.6165,0.2808,-0.3357,2.1185,0.9651,-1.1534,581.88,297.46,-284.42,0.831615,0.828179,-0.003436,0.822771,0.818771,-0.004,-0.43661,-0.422161,0.014449,IMAGE,large (n>500),short (<200),binary (2),31714,16208
WEASEL2_half,MiddlePhalanxTW,2.5705,1.6749,-0.8956,0.4927,0.1559,-0.3368,3.1995,1.0123,-2.1872,355.5,182.58,-172.92,0.551948,0.577922,0.025974,0.38469,0.401733,0.017043,-0.306022,-0.305886,0.000136,IMAGE,medium (100-500),short (<200),mid (3-9),29098,14937
WEASEL2_half,MixedShapesRegularTrain,18.0446,10.3684,-7.6762,64.6516,36.9743,-27.6773,26.6605,15.2471,-11.4134,859.55,530.57,-328.98,0.974845,0.973196,-0.001649,0.973852,0.971636,-0.002216,-0.062227,-0.063244,-0.001017,IMAGE,medium (100-500),long (>800),mid (3-9),56071,34629
WEASEL2_half,MixedShapesSmallTrain,1.626,1.0,-0.626,21.0231,11.337,-9.6861,8.6693,4.675,-3.9943,60.93,38.24,-22.69,0.961649,0.955876,-0.005773,0.960381,0.955031,-0.00535,-0.106769,-0.107021,-0.000252,IMAGE,small (n<100),long (>800),mid (3-9),19512,9432
WEASEL2_half,MoteStrain,0.3454,0.2176,-0.1278,1.009,0.5493,-0.4597,0.8059,0.4388,-0.3671,11.47,5.58,-5.89,0.960064,0.958466,-0.001598,0.959566,0.957581,-0.001985,-0.320705,-0.321538,-0.000833,SENSOR,small (n<100),short (<200),binary (2),17751,8519
WEASEL2_half,NonInvasiveFetalECGThorax1,50.0549,30.1962,-19.8587,35.4005,21.6234,-13.7771,18.0155,11.0043,-7.0112,3154.38,1949.28,-1205.1,0.927226,0.922137,-0.005089,0.925766,0.92091,-0.004856,-0.029205,-0.03233,-0.003125,ECG,large (n>500),medium (200-800),many (10+),57342,35431
WEASEL2_half,NonInvasiveFetalECGThorax2,49.1074,29.7549,-19.3525,35.6653,21.2375,-14.4278,18.1503,10.8079,-7.3424,3154.66,1949.94,-1204.72,0.954707,0.946565,-0.008142,0.952463,0.944703,-0.00776,-0.02217,-0.024842,-0.002672,ECG,large (n>500),medium (200-800),many (10+),57347,35443
WEASEL2_half,OSULeaf,1.5664,0.9399,-0.6265,0.9637,0.4437,-0.52,3.9823,1.8336,-2.1487,126.6,61.53,-65.07,0.966942,0.966942,0.0,0.952899,0.949275,-0.003624,-0.103544,-0.110488,-0.006944,IMAGE,medium (100-500),medium (200-800),mid (3-9),20586,9991
WEASEL2_half,OliveOil,0.5773,0.3653,-0.212,0.1793,0.1029,-0.0764,5.9767,3.4295,-2.5472,13.27,7.37,-5.9,0.966667,0.933333,-0.033334,0.979167,0.916667,-0.0625,-0.266402,-0.254476,0.011926,SPECTRO,small (n<100),medium (200-800),mid (3-9),13424,6257
WEASEL2_half,PhalangesOutlinesCorrect,10.8649,6.2955,-4.5694,1.4237,0.7111,-0.7126,1.6593,0.8288,-0.8305,2126.19,1070.43,-1055.76,0.831002,0.822844,-0.008158,0.8044,0.792192,-0.012208,-0.427157,-0.448239,-0.021082,IMAGE,large (n>500),short (<200),binary (2),38683,19473
WEASEL2_half,Phoneme,3.0284,1.7433,-1.2851,16.1767,9.2764,-6.9003,8.532,4.8926,-3.6394,127.38,99.26,-28.12,0.347574,0.34019,-0.007384,0.18485,0.180784,-0.004066,-0.095373,-0.094109,0.001264,SOUND,medium (100-500),long (>800),many (10+),19274,9165
WEASEL2_half,PigAirwayPressure,2.8282,1.5621,-1.2661,3.5672,1.7809,-1.7863,17.1502,8.5619,-8.5883,92.2,84.74,-7.46,0.9375,0.822115,-0.115385,0.9375,0.822115,-0.115385,-0.065054,-0.066625,-0.001571,HEMODYNAMICS,medium (100-500),long (>800),many (10+),21225,10172
WEASEL2_half,PigArtPressure,2.6851,1.5564,-1.1287,3.2067,1.8244,-1.3823,15.4169,8.7713,-6.6456,101.12,106.13,5.01,0.985577,0.985577,0.0,0.985577,0.985577,0.0,-0.03186,-0.03516,-0.0033,HEMODYNAMICS,medium (100-500),long (>800),many (10+),21059,9782
WEASEL2_half,PigCVP,3.2298,1.5833,-1.6465,3.1761,1.7881,-1.388,15.2697,8.5966,-6.6731,102.76,102.33,-0.43,0.966346,0.961538,-0.004808,0.966346,0.961538,-0.004808,-0.044822,-0.048314,-0.003492,HEMODYNAMICS,medium (100-500),long (>800),many (10+),20482,10405
WEASEL2_half,Plane,0.7409,0.4254,-0.3155,0.2998,0.0883,-0.2115,2.855,0.8409,-2.0141,60.95,29.35,-31.6,1.0,1.0,0.0,1.0,1.0,0.0,-0.008858,-0.009408,-0.00055,SENSOR,medium (100-500),short (<200),mid (3-9),21324,9028
WEASEL2_half,PowerCons,0.9887,0.5524,-0.4363,0.4124,0.1448,-0.2676,2.2909,0.8042,-1.4867,112.53,54.84,-57.69,0.927778,0.933333,0.005555,0.927778,0.933333,0.005555,-0.279562,-0.269498,0.010064,DEVICE,medium (100-500),short (<200),binary (2),18802,9907
WEASEL2_half,ProximalPhalanxOutlineAgeGroup,2.6673,1.6322,-1.0351,0.507,0.2072,-0.2998,2.4733,1.0107,-1.4626,313.89,161.55,-152.34,0.858537,0.858537,0.0,0.798414,0.798414,0.0,-0.299196,-0.29583,0.003366,IMAGE,medium (100-500),short (<200),mid (3-9),20356,13179
WEASEL2_half,ProximalPhalanxOutlineCorrect,4.0168,2.2543,-1.7625,0.6531,0.2839,-0.3692,2.2442,0.9757,-1.2685,521.41,266.76,-254.65,0.90378,0.890034,-0.013746,0.865359,0.834854,-0.030505,-0.36707,-0.358838,0.008232,IMAGE,large (n>500),short (<200),binary (2),25621,14532
WEASEL2_half,ProximalPhalanxTW,2.7473,1.6244,-1.1229,0.5094,0.1949,-0.3145,2.4848,0.9508,-1.534,312.13,160.73,-151.4,0.809756,0.814634,0.004878,0.485288,0.522193,0.036905,-0.164638,-0.167753,-0.003115,IMAGE,medium (100-500),short (<200),mid (3-9),28413,13111
WEASEL2_half,RefrigerationDevices,11.4979,6.811,-4.6869,7.0381,4.1597,-2.8784,18.7684,11.0926,-7.6758,638.28,389.16,-249.12,0.554667,0.554667,0.0,0.554667,0.554667,0.0,-0.337238,-0.353358,-0.01612,DEVICE,medium (100-500),medium (200-800),mid (3-9),25475,33848
WEASEL2_half,Rock,1.0783,0.7414,-0.3369,1.0809,0.6199,-0.461,21.6183,12.3975,-9.2208,25.12,21.65,-3.47,0.9,0.92,0.02,0.922619,0.934524,0.011905,-0.363254,-0.36486,-0.001606,SPECTRO,small (n<100),long (>800),mid (3-9),55489,9395
WEASEL2_half,ScreenType,11.9217,7.1477,-4.774,7.9262,4.4998,-3.4264,21.1365,11.9995,-9.137,647.04,389.06,-257.98,0.453333,0.469333,0.016,0.453333,0.469333,0.016,-0.643247,-0.694629,-0.051382,DEVICE,medium (100-500),medium (200-800),mid (3-9),19712,33840
WEASEL2_half,SemgHandGenderCh2,18.0292,10.6651,-7.3641,26.6994,15.7265,-10.9729,44.499,26.2108,-18.2882,532.1,382.57,-149.53,0.938333,0.93,-0.008333,0.933883,0.926374,-0.007509,-0.260212,-0.281504,-0.021292,SPECTRO,medium (100-500),long (>800),binary (2),56255,36574
WEASEL2_half,SemgHandMovementCh2,26.8339,15.5204,-11.3135,19.9393,14.1717,-5.7676,44.3096,31.4928,-12.8168,796.38,805.49,9.11,0.633333,0.628889,-0.004444,0.633333,0.628889,-0.004444,-0.323644,-0.383859,-0.060215,SPECTRO,medium (100-500),long (>800),mid (3-9),57568,36574
WEASEL2_half,SemgHandSubjectCh2,26.9964,16.1649,-10.8315,20.4618,12.2745,-8.1873,45.4708,27.2767,-18.1941,795.65,564.86,-230.79,0.895556,0.888889,-0.006667,0.895556,0.888889,-0.006667,-0.175348,-0.193181,-0.017833,SPECTRO,medium (100-500),long (>800),mid (3-9),57568,36574
WEASEL2_half,ShapeletSim,0.4783,0.3115,-0.1668,0.8064,0.4484,-0.358,4.4801,2.4911,-1.989,13.46,6.7,-6.76,1.0,1.0,0.0,1.0,1.0,0.0,-0.521267,-0.563065,-0.041798,SIMULATED,small (n<100),medium (200-800),binary (2),57568,10075
WEASEL2_half,ShapesAll,13.0355,7.6534,-5.3821,7.1095,4.0796,-3.0299,11.8492,6.7993,-5.0499,1039.17,643.42,-395.75,0.936667,0.938333,0.001666,0.936667,0.938333,0.001666,-0.017718,-0.018648,-0.00093,IMAGE,large (n>500),medium (200-800),many (10+),21094,35024
WEASEL2_half,SmallKitchenAppliances,12.3652,7.5497,-4.8155,8.0222,4.734,-3.2882,21.3925,12.624,-8.7685,644.87,389.19,-255.68,0.781333,0.789333,0.008,0.781333,0.789333,0.008,-0.450474,-0.39412,0.056354,DEVICE,medium (100-500),medium (200-800),mid (3-9),20444,33851
WEASEL2_half,SmoothSubspace,0.5575,0.3765,-0.181,0.1733,0.0451,-0.1282,1.1553,0.3006,-0.8547,65.23,30.03,-35.2,0.973333,0.966667,-0.006666,0.973333,0.966667,-0.006666,-0.14595,-0.149328,-0.003378,SIMULATED,medium (100-500),short (<200),mid (3-9),56571,6485
WEASEL2_half,SonyAIBORobotSurface1,0.3655,0.2203,-0.1452,0.452,0.2431,-0.2089,0.7522,0.4045,-0.3477,11.39,5.56,-5.83,0.941764,0.948419,0.006655,0.948499,0.95433,0.005831,-0.301207,-0.299297,0.00191,SENSOR,small (n<100),short (<200),binary (2),56065,8500
WEASEL2_half,SonyAIBORobotSurface2,0.351,0.2294,-0.1216,0.6301,0.338,-0.2921,0.6611,0.3546,-0.3065,16.41,8.01,-8.4,0.951731,0.944386,-0.007345,0.957248,0.947659,-0.009589,-0.274811,-0.297008,-0.022197,SENSOR,small (n<100),short (<200),binary (2),14126,9257
WEASEL2_half,StarLightCurves,35.5163,21.0709,-14.4454,249.8482,143.8219,-106.0263,30.3361,17.4626,-12.8735,1701.13,1009.71,-691.42,0.983244,0.981666,-0.001578,0.965744,0.963341,-0.002403,-0.065646,-0.066978,-0.001332,SENSOR,large (n>500),long (>800),mid (3-9),17641,33015
WEASEL2_half,Strawberry,7.8414,4.9969,-2.8445,2.2383,1.284,-0.9543,6.0494,3.4702,-2.5792,999.19,553.62,-445.57,0.981081,0.981081,0.0,0.983607,0.983607,0.0,-0.07971,-0.083447,-0.003737,SPECTRO,large (n>500),medium (200-800),binary (2),19148,29530
WEASEL2_half,SwedishLeaf,5.2182,3.3625,-1.8557,1.9682,1.1223,-0.8459,3.1492,1.7957,-1.3535,872.21,537.15,-335.06,0.976,0.976,0.0,0.976919,0.976839,-8e-05,-0.043859,-0.045596,-0.001737,IMAGE,medium (100-500),short (<200),many (10+),55612,35123
WEASEL2_half,Symbols,0.4398,0.3318,-0.108,3.6522,1.8114,-1.8408,3.6705,1.8205,-1.85,14.08,6.65,-7.43,0.98392,0.980905,-0.003015,0.984188,0.981379,-0.002809,-0.070938,-0.067036,0.003902,IMAGE,small (n<100),medium (200-800),mid (3-9),53299,8059
WEASEL2_half,SyntheticControl,2.0879,1.3159,-0.772,0.5267,0.2332,-0.2935,1.7555,0.7775,-0.978,414.9,204.11,-210.79,0.996667,0.993333,-0.003334,0.996667,0.993333,-0.003334,-0.080614,-0.081844,-0.00123,SIMULATED,medium (100-500),short (<200),mid (3-9),57030,22214
WEASEL2_half,ToeSegmentation1,0.4809,0.368,-0.1129,0.5188,0.3193,-0.1995,2.2755,1.4003,-0.8752,26.68,13.17,-13.51,0.969298,0.973684,0.004386,0.969444,0.973611,0.004167,-0.253793,-0.238412,0.015381,MOTION,small (n<100),medium (200-800),binary (2),17305,10406
WEASEL2_half,ToeSegmentation2,0.5155,0.3506,-0.1649,0.366,0.2405,-0.1255,2.8157,1.85,-0.9657,23.87,11.74,-12.13,0.938462,0.930769,-0.007693,0.930031,0.941431,0.0114,-0.149877,-0.136622,0.013255,MOTION,small (n<100),medium (200-800),binary (2),45180,10235
WEASEL2_half,Trace,0.8012,0.5367,-0.2645,0.4112,0.1678,-0.2434,4.1123,1.6784,-2.4339,63.61,30.67,-32.94,1.0,1.0,0.0,1.0,1.0,0.0,-0.027501,-0.030098,-0.002597,SENSOR,small (n<100),medium (200-800),mid (3-9),21184,9895
WEASEL2_half,TwoLeadECG,0.3556,0.3022,-0.0534,0.8027,0.5197,-0.283,0.7048,0.4563,-0.2485,11.31,5.38,-5.93,0.999122,1.0,0.000878,0.999123,1.0,0.000877,-0.216319,-0.202203,0.014116,ECG,small (n<100),short (<200),binary (2),20939,7136
WEASEL2_half,TwoPatterns,10.3833,6.0829,-4.3004,12.3396,6.9322,-5.4074,3.0849,1.733,-1.3519,1757.96,1113.97,-643.99,0.99725,0.9965,-0.00075,0.99726,0.996518,-0.000742,-0.06806,-0.075041,-0.006981,SIMULATED,large (n>500),short (<200),mid (3-9),20577,36464
WEASEL2_half,UMD,0.4504,0.2905,-0.1599,0.2075,0.1732,-0.0343,1.4408,1.203,-0.2378,23.22,11.32,-11.9,0.986111,0.986111,0.0,0.986111,0.986111,0.0,-0.176084,-0.169128,0.006956,SIMULATED,small (n<100),short (<200),mid (3-9),15236,9927
WEASEL2_half,UWaveGestureLibraryAll,28.2548,17.1655,-11.0893,91.9744,53.0219,-38.9525,25.6768,14.8023,-10.8745,1494.42,918.22,-576.2,0.957566,0.958961,0.001395,0.957654,0.959039,0.001385,-0.077114,-0.079653,-0.002539,MOTION,large (n>500),long (>800),mid (3-9),57541,33502
WEASEL2_half,UWaveGestureLibraryX,12.1563,8.1191,-4.0372,27.3412,15.8985,-11.4427,7.6329,4.4384,-3.1945,1469.18,882.76,-586.42,0.843384,0.845338,0.001954,0.841632,0.843718,0.002086,-0.156302,-0.161944,-0.005642,MOTION,large (n>500),medium (200-800),mid (3-9),20490,32232
WEASEL2_half,UWaveGestureLibraryY,12.9303,7.906,-5.0243,27.6943,15.7035,-11.9908,7.7315,4.384,-3.3475,1497.49,915.39,-582.1,0.770519,0.766332,-0.004187,0.771199,0.767024,-0.004175,-0.197977,-0.203927,-0.00595,MOTION,large (n>500),medium (200-800),mid (3-9),54512,33425
WEASEL2_half,UWaveGestureLibraryZ,12.9805,8.077,-4.9035,27.656,15.9272,-11.7288,7.7208,4.4465,-3.2743,1491.15,905.22,-585.93,0.793691,0.786711,-0.00698,0.795289,0.78837,-0.006919,-0.189667,-0.191392,-0.001725,MOTION,large (n>500),medium (200-800),mid (3-9),53637,33053
WEASEL2_half,Wafer,10.4844,6.5196,-3.9648,24.4084,14.0595,-10.3489,3.9598,2.2809,-1.6789,1709.22,1032.67,-676.55,0.999513,0.999513,0.0,0.997744,0.997744,0.0,-0.006033,-0.006534,-0.000501,SENSOR,large (n>500),short (<200),binary (2),54677,33801
WEASEL2_half,Wine,0.4841,0.3772,-0.1069,0.1171,0.0857,-0.0314,2.1683,1.5871,-0.5812,16.74,8.09,-8.65,0.907407,0.944444,0.037037,0.907407,0.944444,0.037037,-0.130514,-0.112934,0.01758,SPECTRO,small (n<100),medium (200-800),binary (2),54445,4417
WEASEL2_half,WordSynonyms,4.6378,2.792,-1.8458,9.2935,2.0534,-7.2401,14.5667,3.2184,-11.3483,454.65,270.88,-183.77,0.73511,0.730408,-0.004702,0.568106,0.568304,0.000198,-0.078976,-0.081647,-0.002671,IMAGE,medium (100-500),medium (200-800),many (10+),55944,33077
WEASEL2_half,Worms,6.8199,1.3606,-5.4593,0.8172,0.3448,-0.4724,10.6136,4.4785,-6.1351,104.46,104.37,-0.09,0.714286,0.714286,0.0,0.632587,0.632587,0.0,-0.327314,-0.3348,-0.007486,MOTION,medium (100-500),long (>800),mid (3-9),9227,8830
WEASEL2_half,WormsTwoClass,2.3728,1.3883,-0.9845,0.7324,0.3486,-0.3838,9.5121,4.5271,-4.985,117.47,66.2,-51.27,0.805195,0.831169,0.025974,0.806818,0.833333,0.026515,-0.540787,-0.552192,-0.011405,MOTION,medium (100-500),long (>800),binary (2),55514,8830
WEASEL2_half,Yoga,5.2799,3.5422,-1.7377,28.9922,16.9143,-12.0779,9.6641,5.6381,-4.026,522.43,319.88,-202.55,0.926333,0.925667,-0.000666,0.925311,0.924832,-0.000479,-0.299404,-0.319936,-0.020532,IMAGE,medium (100-500),medium (200-800),binary (2),18678,34781
