classifier,dataset,fit_time_s_baseline,fit_time_s_new,fit_time_s_delta,predict_time_s_baseline,predict_time_s_new,predict_time_s_delta,predict_time_per_sample_ms_baseline,predict_time_per_sample_ms_new,predict_time_per_sample_ms_delta,peak_fit_mem_mb_baseline,peak_fit_mem_mb_new,peak_fit_mem_mb_delta,accuracy_baseline,accuracy_new,accuracy_delta,balanced_accuracy_baseline,balanced_accuracy_new,balanced_accuracy_delta,train_cv_accuracy_baseline,train_cv_accuracy_new,train_cv_accuracy_delta,dataset_type,train_size_bin,series_len_bin,n_classes_bin
WEASEL2_r100,ACSF1,2.1735,4.6254,2.4519,1.2225,2.5891,1.3666,12.2254,25.8907,13.6653,90.57,106.72,16.15,0.93,0.95,0.02,0.93,0.95,0.02,-0.185615,-0.18576,-0.000145,DEVICE,small (n<100),long (>800),many (10+)
WEASEL2_r100,Adiac,4.4664,3.8973,-0.5691,1.8395,1.2475,-0.592,4.7045,3.1906,-1.5139,558.83,415.69,-143.14,0.84399,0.841432,-0.002558,0.853155,0.851334,-0.001821,-0.045617,-0.046236,-0.000619,IMAGE,medium (100-500),medium (200-800),many (10+)
WEASEL2_r100,ArrowHead,0.4151,1.0613,0.6462,0.3597,0.7822,0.4225,2.0553,4.4695,2.4142,21.63,40.76,19.13,0.857143,0.868571,0.011428,0.864643,0.874305,0.009662,-0.315629,-0.3157,-7.1e-05,IMAGE,small (n<100),short (<200),mid (3-9)
WEASEL2_r100,Coffee,0.7606,0.9906,0.23,0.1059,0.1437,0.0378,3.7823,5.1334,1.3511,14.86,27.66,12.8,1.0,1.0,0.0,1.0,1.0,0.0,-0.114697,-0.113713,0.000984,SPECTRO,small (n<100),medium (200-800),binary (2)
WEASEL2_r100,Crop,76.6869,82.5746,5.8877,18.2702,21.4739,3.2037,1.0875,1.2782,0.1907,9836.25,9836.31,0.06,0.760655,0.760238,-0.000417,0.760655,0.760238,-0.000417,-0.067833,-0.06781,2.3e-05,IMAGE,large (n>500),short (<200),many (10+)
WEASEL2_r100,DistalPhalanxOutlineCorrect,3.8549,4.7411,0.8862,0.5825,0.4776,-0.1049,2.1103,1.7305,-0.3798,703.61,703.67,0.06,0.775362,0.771739,-0.003623,0.75528,0.752174,-0.003106,-0.403738,-0.401942,0.001796,IMAGE,large (n>500),short (<200),binary (2)
WEASEL2_r100,EOGHorizontalSignal,16.2202,14.1701,-2.0501,11.2615,9.4835,-1.778,31.109,26.1974,-4.9116,631.6,532.1,-99.5,0.61326,0.607735,-0.005525,0.613666,0.608565,-0.005101,-0.109162,-0.114491,-0.005329,EOG,medium (100-500),long (>800),many (10+)
WEASEL2_r100,ElectricDevices,127.9803,135.2273,7.247,14.0645,15.64,1.5755,1.824,2.0283,0.2043,11924.99,11911.98,-13.01,0.772014,0.770198,-0.001816,0.670491,0.667737,-0.002754,-0.113122,-0.113434,-0.000312,DEVICE,large (n>500),short (<200),mid (3-9)
WEASEL2_r100,FiftyWords,7.0616,5.249,-1.8126,2.9465,1.9536,-0.9929,6.4757,4.2937,-2.182,736.45,575.18,-161.27,0.832967,0.832967,0.0,0.729409,0.7349,0.005491,-0.036047,-0.03687,-0.000823,IMAGE,medium (100-500),medium (200-800),many (10+)
WEASEL2_r100,Fish,1.4339,3.3157,1.8818,0.8229,1.3257,0.5028,4.7023,7.5754,2.8731,99.75,187.26,87.51,0.988571,0.982857,-0.005714,0.988946,0.982993,-0.005953,-0.091011,-0.08461,0.006401,IMAGE,medium (100-500),medium (200-800),mid (3-9)
WEASEL2_r100,FordA,82.469,63.7141,-18.7549,14.6704,11.3213,-3.3491,11.114,8.5767,-2.5373,6327.14,5415.4,-911.74,0.960606,0.963636,0.00303,0.960711,0.963744,0.003033,-0.216579,-0.215251,0.001328,SENSOR,large (n>500),medium (200-800),binary (2)
WEASEL2_r100,GunPoint,0.4573,1.0445,0.5872,0.2334,0.4267,0.1933,1.5563,2.8443,1.288,27.89,52.3,24.41,1.0,1.0,0.0,1.0,1.0,0.0,-0.077205,-0.079725,-0.00252,MOTION,small (n<100),short (<200),binary (2)
WEASEL2_r100,Haptics,2.248,5.7015,3.4535,2.6205,5.845,3.2245,8.508,18.9773,10.4693,101.61,190.82,89.21,0.49026,0.5,0.00974,0.490125,0.499199,0.009074,-0.529634,-0.535056,-0.005422,MOTION,medium (100-500),long (>800),mid (3-9)
WEASEL2_r100,HouseTwenty,1.3029,3.0773,1.7744,1.8397,4.0586,2.2189,15.4599,34.1063,18.6464,34.83,52.17,17.34,0.966387,0.957983,-0.008404,0.96,0.95,-0.01,-0.147795,-0.159045,-0.01125,DEVICE,small (n<100),long (>800),binary (2)
WEASEL2_r100,InlineSkate,2.5138,5.7182,3.2044,8.0122,17.384,9.3718,14.5677,31.6072,17.0395,84.85,126.23,41.38,0.443636,0.449091,0.005455,0.449845,0.455801,0.005956,-0.444079,-0.440546,0.003533,MOTION,small (n<100),long (>800),mid (3-9)
WEASEL2_r100,ItalyPowerDemand,0.4147,0.9054,0.4907,0.472,0.604,0.132,0.4587,0.587,0.1283,30.35,56.78,26.43,0.959184,0.955296,-0.003888,0.959144,0.955251,-0.003893,-0.190887,-0.184026,0.006861,SENSOR,small (n<100),short (<200),binary (2)
WEASEL2_r100,MiddlePhalanxTW,2.5705,3.305,0.7345,0.4927,0.346,-0.1467,3.1995,2.247,-0.9525,355.5,355.67,0.17,0.551948,0.551948,0.0,0.38469,0.38469,0.0,-0.306022,-0.305743,0.000279,IMAGE,medium (100-500),short (<200),mid (3-9)
WEASEL2_r100,Phoneme,3.0284,6.5788,3.5504,16.1767,34.9114,18.7347,8.532,18.4132,9.8812,127.38,238.68,111.3,0.347574,0.355485,0.007911,0.18485,0.194372,0.009522,-0.095373,-0.097001,-0.001628,SOUND,medium (100-500),long (>800),many (10+)
WEASEL2_r100,Rock,1.0783,2.8495,1.7712,1.0809,2.36,1.2791,21.6183,47.2007,25.5824,25.12,29.56,4.44,0.9,0.86,-0.04,0.922619,0.886905,-0.035714,-0.363254,-0.3662,-0.002946,SPECTRO,small (n<100),long (>800),mid (3-9)
WEASEL2_r100,SonyAIBORobotSurface1,0.3655,0.719,0.3535,0.452,0.7889,0.3369,0.7522,1.3126,0.5604,11.39,21.63,10.24,0.941764,0.9401,-0.001664,0.948499,0.947042,-0.001457,-0.301207,-0.308061,-0.006854,SENSOR,small (n<100),short (<200),binary (2)
WEASEL2_r100,SwedishLeaf,5.2182,4.216,-1.0022,1.9682,1.3064,-0.6618,3.1492,2.0903,-1.0589,872.21,723.55,-148.66,0.976,0.976,0.0,0.976919,0.976701,-0.000218,-0.043859,-0.044346,-0.000487,IMAGE,medium (100-500),short (<200),many (10+)
WEASEL2_r100,UWaveGestureLibraryX,12.1563,10.4065,-1.7498,27.3412,20.8056,-6.5356,7.6329,5.8084,-1.8245,1469.18,1201.01,-268.17,0.843384,0.843384,0.0,0.841632,0.841717,8.5e-05,-0.156302,-0.161483,-0.005181,MOTION,large (n>500),medium (200-800),mid (3-9)
WEASEL2_r125,ACSF1,2.1735,5.9209,3.7474,1.2225,3.0937,1.8712,12.2254,30.9373,18.7119,90.57,130.64,40.07,0.93,0.96,0.03,0.93,0.96,0.03,-0.185615,-0.183799,0.001816,DEVICE,small (n<100),long (>800),many (10+)
WEASEL2_r125,Adiac,4.4664,4.8197,0.3533,1.8395,1.5721,-0.2674,4.7045,4.0206,-0.6839,558.83,494.06,-64.77,0.84399,0.836317,-0.007673,0.853155,0.846347,-0.006808,-0.045617,-0.045962,-0.000345,IMAGE,medium (100-500),medium (200-800),many (10+)
WEASEL2_r125,ArrowHead,0.4151,1.3298,0.9147,0.3597,0.9781,0.6184,2.0553,5.5892,3.5339,21.63,49.27,27.64,0.857143,0.857143,0.0,0.864643,0.864643,0.0,-0.315629,-0.307672,0.007957,IMAGE,small (n<100),short (<200),mid (3-9)
WEASEL2_r125,Coffee,0.7606,1.2189,0.4583,0.1059,0.1965,0.0906,3.7823,7.0172,3.2349,14.86,33.47,18.61,1.0,1.0,0.0,1.0,1.0,0.0,-0.114697,-0.113933,0.000764,SPECTRO,small (n<100),medium (200-800),binary (2)
WEASEL2_r125,Crop,76.6869,91.2541,14.5672,18.2702,26.3903,8.1201,1.0875,1.5708,0.4833,9836.25,11660.75,1824.5,0.760655,0.761786,0.001131,0.760655,0.761786,0.001131,-0.067833,-0.067462,0.000371,IMAGE,large (n>500),short (<200),many (10+)
WEASEL2_r125,DistalPhalanxOutlineCorrect,3.8549,5.6794,1.8245,0.5825,0.6446,0.0621,2.1103,2.3354,0.2251,703.61,868.71,165.1,0.775362,0.768116,-0.007246,0.75528,0.747826,-0.007454,-0.403738,-0.400258,0.00348,IMAGE,large (n>500),short (<200),binary (2)
WEASEL2_r125,EOGHorizontalSignal,16.2202,17.7245,1.5043,11.2615,11.042,-0.2195,31.109,30.5027,-0.6063,631.6,618.02,-13.58,0.61326,0.629834,0.016574,0.613666,0.630429,0.016763,-0.109162,-0.112265,-0.003103,EOG,medium (100-500),long (>800),many (10+)
WEASEL2_r125,ElectricDevices,127.9803,155.962,27.9817,14.0645,20.3492,6.2847,1.824,2.639,0.815,11924.99,14084.93,2159.94,0.772014,0.767086,-0.004928,0.670491,0.664765,-0.005726,-0.113122,-0.112253,0.000869,DEVICE,large (n>500),short (<200),mid (3-9)
WEASEL2_r125,FiftyWords,7.0616,6.4452,-0.6164,2.9465,2.4288,-0.5177,6.4757,5.3381,-1.1376,736.45,687.71,-48.74,0.832967,0.828571,-0.004396,0.729409,0.728233,-0.001176,-0.036047,-0.036418,-0.000371,IMAGE,medium (100-500),medium (200-800),many (10+)
WEASEL2_r125,Fish,1.4339,4.1897,2.7558,0.8229,1.6657,0.8428,4.7023,9.5183,4.816,99.75,225.62,125.87,0.988571,0.977143,-0.011428,0.988946,0.977279,-0.011667,-0.091011,-0.082718,0.008293,IMAGE,medium (100-500),medium (200-800),mid (3-9)
WEASEL2_r125,FordA,82.469,78.5889,-3.8801,14.6704,13.3874,-1.283,11.114,10.1419,-0.9721,6327.14,6258.4,-68.74,0.960606,0.963636,0.00303,0.960711,0.963744,0.003033,-0.216579,-0.215931,0.000648,SENSOR,large (n>500),medium (200-800),binary (2)
WEASEL2_r125,GunPoint,0.4573,1.3059,0.8486,0.2334,0.5101,0.2767,1.5563,3.4004,1.8441,27.89,64.35,36.46,1.0,1.0,0.0,1.0,1.0,0.0,-0.077205,-0.078447,-0.001242,MOTION,small (n<100),short (<200),binary (2)
WEASEL2_r125,Haptics,2.248,6.8472,4.5992,2.6205,7.3143,4.6938,8.508,23.7477,15.2397,101.61,226.38,124.77,0.49026,0.503247,0.012987,0.490125,0.502787,0.012662,-0.529634,-0.536644,-0.00701,MOTION,medium (100-500),long (>800),mid (3-9)
WEASEL2_r125,HouseTwenty,1.3029,4.0018,2.6989,1.8397,5.2184,3.3787,15.4599,43.8519,28.392,34.83,61.76,26.93,0.966387,0.966387,0.0,0.96,0.96,0.0,-0.147795,-0.155754,-0.007959,DEVICE,small (n<100),long (>800),binary (2)
WEASEL2_r125,InlineSkate,2.5138,7.3493,4.8355,8.0122,21.5067,13.4945,14.5677,39.1032,24.5355,84.85,148.98,64.13,0.443636,0.445455,0.001819,0.449845,0.455459,0.005614,-0.444079,-0.436032,0.008047,MOTION,small (n<100),long (>800),mid (3-9)
WEASEL2_r125,ItalyPowerDemand,0.4147,1.1266,0.7119,0.472,0.7736,0.3016,0.4587,0.7518,0.2931,30.35,69.52,39.17,0.959184,0.954325,-0.004859,0.959144,0.954282,-0.004862,-0.190887,-0.184688,0.006199,SENSOR,small (n<100),short (<200),binary (2)
WEASEL2_r125,MiddlePhalanxTW,2.5705,4.1392,1.5687,0.4927,0.4345,-0.0582,3.1995,2.8217,-0.3778,355.5,443.17,87.67,0.551948,0.538961,-0.012987,0.38469,0.365751,-0.018939,-0.306022,-0.306484,-0.000462,IMAGE,medium (100-500),short (<200),mid (3-9)
WEASEL2_r125,Phoneme,3.0284,8.3011,5.2727,16.1767,44.3301,28.1534,8.532,23.3808,14.8488,127.38,284.33,156.95,0.347574,0.352848,0.005274,0.18485,0.191452,0.006602,-0.095373,-0.096808,-0.001435,SOUND,medium (100-500),long (>800),many (10+)
WEASEL2_r125,Rock,1.0783,3.4547,2.3764,1.0809,2.9248,1.8439,21.6183,58.4959,36.8776,25.12,33.67,8.55,0.9,0.88,-0.02,0.922619,0.904762,-0.017857,-0.363254,-0.334241,0.029013,SPECTRO,small (n<100),long (>800),mid (3-9)
WEASEL2_r125,SonyAIBORobotSurface1,0.3655,0.8978,0.5323,0.452,0.9888,0.5368,0.7522,1.6452,0.893,11.39,26.82,15.43,0.941764,0.936772,-0.004992,0.948499,0.944126,-0.004373,-0.301207,-0.312126,-0.010919,SENSOR,small (n<100),short (<200),binary (2)
WEASEL2_r125,SwedishLeaf,5.2182,5.2131,-0.0051,1.9682,1.628,-0.3402,3.1492,2.6048,-0.5444,872.21,851.16,-21.05,0.976,0.9776,0.0016,0.976919,0.978457,0.001538,-0.043859,-0.044005,-0.000146,IMAGE,medium (100-500),short (<200),many (10+)
WEASEL2_r125,UWaveGestureLibraryX,12.1563,12.8545,0.6982,27.3412,26.9439,-0.3973,7.6329,7.522,-0.1109,1469.18,1400.69,-68.49,0.843384,0.841429,-0.001955,0.841632,0.839713,-0.001919,-0.156302,-0.159146,-0.002844,MOTION,large (n>500),medium (200-800),mid (3-9)
WEASEL2_r25,ACSF1,2.1735,1.2698,-0.9037,1.2225,0.7308,-0.4917,12.2254,7.3082,-4.9172,90.57,69.13,-21.44,0.93,0.95,0.02,0.93,0.95,0.02,-0.185615,-0.206031,-0.020416,DEVICE,small (n<100),long (>800),many (10+)
WEASEL2_r25,Adiac,4.4664,0.9694,-3.497,1.8395,0.3222,-1.5173,4.7045,0.8241,-3.8804,558.83,106.14,-452.69,0.84399,0.84399,0.0,0.853155,0.847731,-0.005424,-0.045617,-0.051477,-0.00586,IMAGE,medium (100-500),medium (200-800),many (10+)
WEASEL2_r25,ArrowHead,0.4151,0.2617,-0.1534,0.3597,0.2004,-0.1593,2.0553,1.145,-0.9103,21.63,10.47,-11.16,0.857143,0.874286,0.017143,0.864643,0.882053,0.01741,-0.315629,-0.313307,0.002322,IMAGE,small (n<100),short (<200),mid (3-9)
WEASEL2_r25,Coffee,0.7606,0.2499,-0.5107,0.1059,0.0382,-0.0677,3.7823,1.3652,-2.4171,14.86,7.04,-7.82,1.0,1.0,0.0,1.0,1.0,0.0,-0.114697,-0.111743,0.002954,SPECTRO,small (n<100),medium (200-800),binary (2)
WEASEL2_r25,Crop,76.6869,46.1015,-30.5854,18.2702,5.7843,-12.4859,1.0875,0.3443,-0.7432,9836.25,2594.54,-7241.71,0.760655,0.730298,-0.030357,0.760655,0.730298,-0.030357,-0.067833,-0.074169,-0.006336,IMAGE,large (n>500),short (<200),many (10+)
WEASEL2_r25,DistalPhalanxOutlineCorrect,3.8549,1.1759,-2.679,0.5825,0.1328,-0.4497,2.1103,0.481,-1.6293,703.61,189.91,-513.7,0.775362,0.793478,0.018116,0.75528,0.777019,0.021739,-0.403738,-0.412742,-0.009004,IMAGE,large (n>500),short (<200),binary (2)
WEASEL2_r25,EOGHorizontalSignal,16.2202,3.3553,-12.8649,11.2615,2.1368,-9.1247,31.109,5.9028,-25.2062,631.6,291.17,-340.43,0.61326,0.588398,-0.024862,0.613666,0.589294,-0.024372,-0.109162,-0.123786,-0.014624,EOG,medium (100-500),long (>800),many (10+)
WEASEL2_r25,ElectricDevices,127.9803,85.3042,-42.6761,14.0645,3.9982,-10.0663,1.824,0.5185,-1.3055,11924.99,3383.73,-8541.26,0.772014,0.759694,-0.01232,0.670491,0.652781,-0.01771,-0.113122,-0.126608,-0.013486,DEVICE,large (n>500),short (<200),mid (3-9)
WEASEL2_r25,FiftyWords,7.0616,1.3002,-5.7614,2.9465,0.5121,-2.4344,6.4757,1.1255,-5.3502,736.45,149.61,-586.84,0.832967,0.837363,0.004396,0.729409,0.7351,0.005691,-0.036047,-0.037757,-0.00171,IMAGE,medium (100-500),medium (200-800),many (10+)
WEASEL2_r25,Fish,1.4339,0.8532,-0.5807,0.8229,0.3427,-0.4802,4.7023,1.958,-2.7443,99.75,47.28,-52.47,0.988571,0.977143,-0.011428,0.988946,0.977279,-0.011667,-0.091011,-0.099054,-0.008043,IMAGE,medium (100-500),medium (200-800),mid (3-9)
WEASEL2_r25,FordA,82.469,18.3483,-64.1207,14.6704,2.7332,-11.9372,11.114,2.0706,-9.0434,6327.14,1402.27,-4924.87,0.960606,0.959091,-0.001515,0.960711,0.959242,-0.001469,-0.216579,-0.222213,-0.005634,SENSOR,large (n>500),medium (200-800),binary (2)
WEASEL2_r25,GunPoint,0.4573,0.2677,-0.1896,0.2334,0.115,-0.1184,1.5563,0.7665,-0.7898,27.89,13.34,-14.55,1.0,1.0,0.0,1.0,1.0,0.0,-0.077205,-0.074953,0.002252,MOTION,small (n<100),short (<200),binary (2)
WEASEL2_r25,Haptics,2.248,1.4044,-0.8436,2.6205,1.41,-1.2105,8.508,4.5781,-3.9299,101.61,80.19,-21.42,0.49026,0.480519,-0.009741,0.490125,0.47973,-0.010395,-0.529634,-0.508737,0.020897,MOTION,medium (100-500),long (>800),mid (3-9)
WEASEL2_r25,HouseTwenty,1.3029,0.7808,-0.5221,1.8397,1.1038,-0.7359,15.4599,9.2756,-6.1843,34.83,38.27,3.44,0.966387,0.94958,-0.016807,0.96,0.94,-0.02,-0.147795,-0.171114,-0.023319,DEVICE,small (n<100),long (>800),binary (2)
WEASEL2_r25,InlineSkate,2.5138,1.502,-1.0118,8.0122,4.6011,-3.4111,14.5677,8.3656,-6.2021,84.85,86.96,2.11,0.443636,0.421818,-0.021818,0.449845,0.427985,-0.02186,-0.444079,-0.455891,-0.011812,MOTION,small (n<100),long (>800),mid (3-9)
WEASEL2_r25,ItalyPowerDemand,0.4147,0.5603,0.1456,0.472,0.2288,-0.2432,0.4587,0.2223,-0.2364,30.35,29.27,-1.08,0.959184,0.95724,-0.001944,0.959144,0.957189,-0.001955,-0.190887,-0.190609,0.000278,SENSOR,small (n<100),short (<200),binary (2)
WEASEL2_r25,MiddlePhalanxTW,2.5705,0.9023,-1.6682,0.4927,0.1032,-0.3895,3.1995,0.6701,-2.5294,355.5,96.53,-258.97,0.551948,0.564935,0.012987,0.38469,0.393577,0.008887,-0.306022,-0.305725,0.000297,IMAGE,medium (100-500),short (<200),mid (3-9)
WEASEL2_r25,Phoneme,3.0284,1.6587,-1.3697,16.1767,8.3711,-7.8056,8.532,4.4152,-4.1168,127.38,97.51,-29.87,0.347574,0.34019,-0.007384,0.18485,0.180784,-0.004066,-0.095373,-0.094109,0.001264,SOUND,medium (100-500),long (>800),many (10+)
WEASEL2_r25,Rock,1.0783,0.7053,-0.373,1.0809,0.6063,-0.4746,21.6183,12.1259,-9.4924,25.12,21.65,-3.47,0.9,0.92,0.02,0.922619,0.934524,0.011905,-0.363254,-0.36486,-0.001606,SPECTRO,small (n<100),long (>800),mid (3-9)
WEASEL2_r25,SonyAIBORobotSurface1,0.3655,0.1848,-0.1807,0.452,0.2048,-0.2472,0.7522,0.3408,-0.4114,11.39,5.57,-5.82,0.941764,0.948419,0.006655,0.948499,0.95433,0.005831,-0.301207,-0.299297,0.00191,SENSOR,small (n<100),short (<200),binary (2)
WEASEL2_r25,SwedishLeaf,5.2182,1.0508,-4.1674,1.9682,0.3522,-1.616,3.1492,0.5635,-2.5857,872.21,186.37,-685.84,0.976,0.9648,-0.0112,0.976919,0.965974,-0.010945,-0.043859,-0.051778,-0.007919,IMAGE,medium (100-500),short (<200),many (10+)
WEASEL2_r25,UWaveGestureLibraryX,12.1563,2.6595,-9.4968,27.3412,5.2907,-22.0505,7.6329,1.477,-6.1559,1469.18,300.87,-1168.31,0.843384,0.835567,-0.007817,0.841632,0.833857,-0.007775,-0.156302,-0.169229,-0.012927,MOTION,large (n>500),medium (200-800),mid (3-9)
WEASEL2_r50,ACSF1,2.1735,2.337,0.1635,1.2225,1.2754,0.0529,12.2254,12.7542,0.5288,90.57,62.29,-28.28,0.93,0.94,0.01,0.93,0.94,0.01,-0.185615,-0.187007,-0.001392,DEVICE,small (n<100),long (>800),many (10+)
WEASEL2_r50,Adiac,4.4664,1.9576,-2.5088,1.8395,0.6151,-1.2244,4.7045,1.5732,-3.1313,558.83,204.12,-354.71,0.84399,0.828645,-0.015345,0.853155,0.836502,-0.016653,-0.045617,-0.049344,-0.003727,IMAGE,medium (100-500),medium (200-800),many (10+)
WEASEL2_r50,ArrowHead,0.4151,0.5266,0.1115,0.3597,0.3977,0.038,2.0553,2.2727,0.2174,21.63,21.66,0.03,0.857143,0.857143,0.0,0.864643,0.864643,0.0,-0.315629,-0.316231,-0.000602,IMAGE,small (n<100),short (<200),mid (3-9)
WEASEL2_r50,Coffee,0.7606,0.4946,-0.266,0.1059,0.0727,-0.0332,3.7823,2.5949,-1.1874,14.86,14.9,0.04,1.0,1.0,0.0,1.0,1.0,0.0,-0.114697,-0.11435,0.000347,SPECTRO,small (n<100),medium (200-800),binary (2)
WEASEL2_r50,Crop,76.6869,57.9821,-18.7048,18.2702,10.8626,-7.4076,1.0875,0.6466,-0.4409,9836.25,4847.03,-4989.22,0.760655,0.749583,-0.011072,0.760655,0.749583,-0.011072,-0.067833,-0.070384,-0.002551,IMAGE,large (n>500),short (<200),many (10+)
WEASEL2_r50,DistalPhalanxOutlineCorrect,3.8549,2.3624,-1.4925,0.5825,0.2542,-0.3283,2.1103,0.921,-1.1893,703.61,355.73,-347.88,0.775362,0.768116,-0.007246,0.75528,0.749068,-0.006212,-0.403738,-0.406532,-0.002794,IMAGE,large (n>500),short (<200),binary (2)
WEASEL2_r50,EOGHorizontalSignal,16.2202,6.5419,-9.6783,11.2615,4.4586,-6.8029,31.109,12.3165,-18.7925,631.6,365.75,-265.85,0.61326,0.604972,-0.008288,0.613666,0.605973,-0.007693,-0.109162,-0.12051,-0.011348,EOG,medium (100-500),long (>800),many (10+)
WEASEL2_r50,ElectricDevices,127.9803,100.7615,-27.2188,14.0645,7.7501,-6.3144,1.824,1.0051,-0.8189,11924.99,5812.58,-6112.41,0.772014,0.765789,-0.006225,0.670491,0.661396,-0.009095,-0.113122,-0.119584,-0.006462,DEVICE,large (n>500),short (<200),mid (3-9)
WEASEL2_r50,FiftyWords,7.0616,2.5683,-4.4933,2.9465,0.951,-1.9955,6.4757,2.0902,-4.3855,736.45,281.21,-455.24,0.832967,0.837363,0.004396,0.729409,0.741123,0.011714,-0.036047,-0.036961,-0.000914,IMAGE,medium (100-500),medium (200-800),many (10+)
WEASEL2_r50,Fish,1.4339,1.6762,0.2423,0.8229,0.6662,-0.1567,4.7023,3.807,-0.8953,99.75,99.78,0.03,0.988571,0.988571,0.0,0.988946,0.988946,0.0,-0.091011,-0.090762,0.000249,IMAGE,medium (100-500),medium (200-800),mid (3-9)
WEASEL2_r50,FordA,82.469,32.7731,-49.6959,14.6704,6.167,-8.5034,11.114,4.672,-6.442,6327.14,2651.14,-3676.0,0.960606,0.962121,0.001515,0.960711,0.962228,0.001517,-0.216579,-0.218439,-0.00186,SENSOR,large (n>500),medium (200-800),binary (2)
WEASEL2_r50,GunPoint,0.4573,0.5249,0.0676,0.2334,0.2236,-0.0098,1.5563,1.4905,-0.0658,27.89,27.93,0.04,1.0,1.0,0.0,1.0,1.0,0.0,-0.077205,-0.077238,-3.3e-05,MOTION,small (n<100),short (<200),binary (2)
WEASEL2_r50,Haptics,2.248,2.7144,0.4664,2.6205,3.022,0.4015,8.508,9.8118,1.3038,101.61,101.65,0.04,0.49026,0.49026,0.0,0.490125,0.490125,0.0,-0.529634,-0.529663,-2.9e-05,MOTION,medium (100-500),long (>800),mid (3-9)
WEASEL2_r50,HouseTwenty,1.3029,1.5777,0.2748,1.8397,2.0618,0.2221,15.4599,17.326,1.8661,34.83,34.22,-0.61,0.966387,0.966387,0.0,0.96,0.96,0.0,-0.147795,-0.147869,-7.4e-05,DEVICE,small (n<100),long (>800),binary (2)
WEASEL2_r50,InlineSkate,2.5138,2.9201,0.4063,8.0122,8.8046,0.7924,14.5677,16.0083,1.4406,84.85,96.79,11.94,0.443636,0.443636,0.0,0.449845,0.449845,0.0,-0.444079,-0.444004,7.5e-05,MOTION,small (n<100),long (>800),mid (3-9)
WEASEL2_r50,ItalyPowerDemand,0.4147,0.4596,0.0449,0.472,0.3101,-0.1619,0.4587,0.3014,-0.1573,30.35,30.46,0.11,0.959184,0.959184,0.0,0.959144,0.959144,0.0,-0.190887,-0.193601,-0.002714,SENSOR,small (n<100),short (<200),binary (2)
WEASEL2_r50,MiddlePhalanxTW,2.5705,1.6548,-0.9157,0.4927,0.1503,-0.3424,3.1995,0.976,-2.2235,355.5,182.58,-172.92,0.551948,0.577922,0.025974,0.38469,0.401733,0.017043,-0.306022,-0.305886,0.000136,IMAGE,medium (100-500),short (<200),mid (3-9)
WEASEL2_r50,Phoneme,3.0284,3.2985,0.2701,16.1767,16.6081,0.4314,8.532,8.7595,0.2275,127.38,127.42,0.04,0.347574,0.348101,0.000527,0.18485,0.184947,9.7e-05,-0.095373,-0.095376,-3e-06,SOUND,medium (100-500),long (>800),many (10+)
WEASEL2_r50,Rock,1.0783,1.4023,0.324,1.0809,1.1813,0.1004,21.6183,23.627,2.0087,25.12,23.41,-1.71,0.9,0.9,0.0,0.922619,0.922619,0.0,-0.363254,-0.363261,-7e-06,SPECTRO,small (n<100),long (>800),mid (3-9)
WEASEL2_r50,SonyAIBORobotSurface1,0.3655,0.3621,-0.0034,0.452,0.4121,-0.0399,0.7522,0.6857,-0.0665,11.39,11.44,0.05,0.941764,0.943428,0.001664,0.948499,0.949957,0.001458,-0.301207,-0.301423,-0.000216,SENSOR,small (n<100),short (<200),binary (2)
WEASEL2_r50,SwedishLeaf,5.2182,2.0854,-3.1328,1.9682,0.6505,-1.3177,3.1492,1.0409,-2.1083,872.21,353.46,-518.75,0.976,0.9712,-0.0048,0.976919,0.971783,-0.005136,-0.043859,-0.047761,-0.003902,IMAGE,medium (100-500),short (<200),many (10+)
WEASEL2_r50,UWaveGestureLibraryX,12.1563,5.2376,-6.9187,27.3412,10.3161,-17.0251,7.6329,2.88,-4.7529,1469.18,578.98,-890.2,0.843384,0.835567,-0.007817,0.841632,0.833865,-0.007767,-0.156302,-0.166071,-0.009769,MOTION,large (n>500),medium (200-800),mid (3-9)
WEASEL2_r75,ACSF1,2.1735,3.529,1.3555,1.2225,1.8523,0.6298,12.2254,18.523,6.2976,90.57,79.13,-11.44,0.93,0.94,0.01,0.93,0.94,0.01,-0.185615,-0.176827,0.008788,DEVICE,small (n<100),long (>800),many (10+)
WEASEL2_r75,Adiac,4.4664,2.8997,-1.5667,1.8395,0.9428,-0.8967,4.7045,2.4112,-2.2933,558.83,308.86,-249.97,0.84399,0.841432,-0.002558,0.853155,0.852275,-0.00088,-0.045617,-0.046973,-0.001356,IMAGE,medium (100-500),medium (200-800),many (10+)
WEASEL2_r75,ArrowHead,0.4151,0.7921,0.377,0.3597,0.5893,0.2296,2.0553,3.3677,1.3124,21.63,30.19,8.56,0.857143,0.868571,0.011428,0.864643,0.874305,0.009662,-0.315629,-0.330841,-0.015212,IMAGE,small (n<100),short (<200),mid (3-9)
WEASEL2_r75,Coffee,0.7606,0.7381,-0.0225,0.1059,0.1166,0.0107,3.7823,4.1636,0.3813,14.86,20.77,5.91,1.0,1.0,0.0,1.0,1.0,0.0,-0.114697,-0.117994,-0.003297,SPECTRO,small (n<100),medium (200-800),binary (2)
WEASEL2_r75,Crop,76.6869,68.876,-7.8109,18.2702,15.7176,-2.5526,1.0875,0.9356,-0.1519,9836.25,7150.72,-2685.53,0.760655,0.757619,-0.003036,0.760655,0.757619,-0.003036,-0.067833,-0.068659,-0.000826,IMAGE,large (n>500),short (<200),many (10+)
WEASEL2_r75,DistalPhalanxOutlineCorrect,3.8549,3.5563,-0.2986,0.5825,0.3966,-0.1859,2.1103,1.4371,-0.6732,703.61,516.92,-186.69,0.775362,0.778986,0.003624,0.75528,0.762112,0.006832,-0.403738,-0.404318,-0.00058,IMAGE,large (n>500),short (<200),binary (2)
WEASEL2_r75,EOGHorizontalSignal,16.2202,10.1315,-6.0887,11.2615,7.1883,-4.0732,31.109,19.857,-11.252,631.6,394.35,-237.25,0.61326,0.604972,-0.008288,0.613666,0.605877,-0.007789,-0.109162,-0.115999,-0.006837,EOG,medium (100-500),long (>800),many (10+)
WEASEL2_r75,ElectricDevices,127.9803,116.737,-11.2433,14.0645,11.156,-2.9085,1.824,1.4468,-0.3772,11924.99,8616.7,-3308.29,0.772014,0.76955,-0.002464,0.670491,0.667755,-0.002736,-0.113122,-0.116,-0.002878,DEVICE,large (n>500),short (<200),mid (3-9)
WEASEL2_r75,FiftyWords,7.0616,3.8482,-3.2134,2.9465,1.4846,-1.4619,6.4757,3.2628,-3.2129,736.45,432.92,-303.53,0.832967,0.832967,0.0,0.729409,0.7349,0.005491,-0.036047,-0.036757,-0.00071,IMAGE,medium (100-500),medium (200-800),many (10+)
WEASEL2_r75,Fish,1.4339,2.4902,1.0563,0.8229,0.9962,0.1733,4.7023,5.6924,0.9901,99.75,139.45,39.7,0.988571,0.982857,-0.005714,0.988946,0.982993,-0.005953,-0.091011,-0.088212,0.002799,IMAGE,medium (100-500),medium (200-800),mid (3-9)
WEASEL2_r75,FordA,82.469,48.5995,-33.8695,14.6704,8.5866,-6.0838,11.114,6.505,-4.609,6327.14,4016.07,-2311.07,0.960606,0.960606,0.0,0.960711,0.960663,-4.8e-05,-0.216579,-0.219459,-0.00288,SENSOR,large (n>500),medium (200-800),binary (2)
WEASEL2_r75,GunPoint,0.4573,0.7715,0.3142,0.2334,0.3157,0.0823,1.5563,2.1043,0.548,27.89,39.08,11.19,1.0,1.0,0.0,1.0,1.0,0.0,-0.077205,-0.078627,-0.001422,MOTION,small (n<100),short (<200),binary (2)
WEASEL2_r75,Haptics,2.248,4.1452,1.8972,2.6205,4.3473,1.7268,8.508,14.1145,5.6065,101.61,142.04,40.43,0.49026,0.493506,0.003246,0.490125,0.491723,0.001598,-0.529634,-0.530654,-0.00102,MOTION,medium (100-500),long (>800),mid (3-9)
WEASEL2_r75,HouseTwenty,1.3029,2.2797,0.9768,1.8397,3.0349,1.1952,15.4599,25.5035,10.0436,34.83,44.22,9.39,0.966387,0.957983,-0.008404,0.96,0.95,-0.01,-0.147795,-0.1492,-0.001405,DEVICE,small (n<100),long (>800),binary (2)
WEASEL2_r75,InlineSkate,2.5138,4.376,1.8622,8.0122,12.9213,4.9091,14.5677,23.4933,8.9256,84.85,93.69,8.84,0.443636,0.454545,0.010909,0.449845,0.458783,0.008938,-0.444079,-0.448027,-0.003948,MOTION,small (n<100),long (>800),mid (3-9)
WEASEL2_r75,ItalyPowerDemand,0.4147,0.7472,0.3325,0.472,0.4978,0.0258,0.4587,0.4838,0.0251,30.35,42.77,12.42,0.959184,0.959184,0.0,0.959144,0.959144,0.0,-0.190887,-0.194124,-0.003237,SENSOR,small (n<100),short (<200),binary (2)
WEASEL2_r75,MiddlePhalanxTW,2.5705,2.6352,0.0647,0.4927,0.2192,-0.2735,3.1995,1.4237,-1.7758,355.5,262.89,-92.61,0.551948,0.558442,0.006494,0.38469,0.388478,0.003788,-0.306022,-0.305207,0.000815,IMAGE,medium (100-500),short (<200),mid (3-9)
WEASEL2_r75,Phoneme,3.0284,4.9408,1.9124,16.1767,25.5988,9.4221,8.532,13.5015,4.9695,127.38,177.46,50.08,0.347574,0.353376,0.005802,0.18485,0.190194,0.005344,-0.095373,-0.0967,-0.001327,SOUND,medium (100-500),long (>800),many (10+)
WEASEL2_r75,Rock,1.0783,2.0772,0.9989,1.0809,1.7727,0.6918,21.6183,35.4545,13.8362,25.12,27.45,2.33,0.9,0.88,-0.02,0.922619,0.904762,-0.017857,-0.363254,-0.36711,-0.003856,SPECTRO,small (n<100),long (>800),mid (3-9)
WEASEL2_r75,SonyAIBORobotSurface1,0.3655,0.5444,0.1789,0.452,0.6137,0.1617,0.7522,1.0211,0.2689,11.39,16.07,4.68,0.941764,0.930116,-0.011648,0.948499,0.938295,-0.010204,-0.301207,-0.298896,0.002311,SENSOR,small (n<100),short (<200),binary (2)
WEASEL2_r75,SwedishLeaf,5.2182,3.1034,-2.1148,1.9682,0.9784,-0.9898,3.1492,1.5654,-1.5838,872.21,537.15,-335.06,0.976,0.976,0.0,0.976919,0.976839,-8e-05,-0.043859,-0.045596,-0.001737,IMAGE,medium (100-500),short (<200),many (10+)
WEASEL2_r75,UWaveGestureLibraryX,12.1563,7.8583,-4.298,27.3412,16.1457,-11.1955,7.6329,4.5074,-3.1255,1469.18,882.76,-586.42,0.843384,0.845338,0.001954,0.841632,0.843718,0.002086,-0.156302,-0.161944,-0.005642,MOTION,large (n>500),medium (200-800),mid (3-9)
