classifier,dataset,fit_time_s_baseline,fit_time_s_new,fit_time_s_delta,predict_time_s_baseline,predict_time_s_new,predict_time_s_delta,predict_time_per_sample_ms_baseline,predict_time_per_sample_ms_new,predict_time_per_sample_ms_delta,peak_fit_mem_mb_baseline,peak_fit_mem_mb_new,peak_fit_mem_mb_delta,accuracy_baseline,accuracy_new,accuracy_delta,balanced_accuracy_baseline,balanced_accuracy_new,balanced_accuracy_delta,train_cv_accuracy_baseline,train_cv_accuracy_new,train_cv_accuracy_delta,n_features_baseline,n_features_new,n_features_delta,dataset_type,train_size_bin,series_len_bin,n_classes_bin
WEASEL2_AdaptiveEnsemble,ACSF1,2.1735,3.7146,1.5411,1.2225,1.8726,0.6501,12.2254,18.7258,6.5004,90.57,93.62,3.05,0.93,0.94,0.01,0.93,0.94,0.01,-0.185615,-0.176827,0.008788,17898.0,25091.0,7193.0,DEVICE,small (n<100),long (>800),many (10+)
WEASEL2_AdaptiveEnsemble,Adiac,4.4664,1.9186,-2.5478,1.8395,0.6161,-1.2234,4.7045,1.5758,-3.1287,558.83,204.18,-354.65,0.84399,0.828645,-0.015345,0.853155,0.836502,-0.016653,-0.045617,-0.049344,-0.003727,46751.0,17068.0,-29683.0,IMAGE,medium (100-500),medium (200-800),many (10+)
WEASEL2_AdaptiveEnsemble,ArrowHead,0.4151,0.5289,0.1138,0.3597,0.3747,0.015,2.0553,2.1409,0.0856,21.63,21.7,0.07,0.857143,0.857143,0.0,0.864643,0.864643,0.0,-0.315629,-0.316231,-0.000602,18970.0,18966.0,-4.0,IMAGE,small (n<100),short (<200),mid (3-9)
WEASEL2_AdaptiveEnsemble,BME,0.3269,0.4316,0.1047,0.1844,0.1771,-0.0073,1.2292,1.1808,-0.0484,18.59,18.63,0.04,0.98,0.98,0.0,0.98,0.98,0.0,-0.156256,-0.155381,0.000875,19550.0,19551.0,1.0,SIMULATED,small (n<100),short (<200),mid (3-9)
WEASEL2_AdaptiveEnsemble,Beef,0.4599,0.6036,0.1437,0.1276,0.1236,-0.004,4.2533,4.1199,-0.1334,19.03,19.07,0.04,0.833333,0.833333,0.0,0.833333,0.833333,0.0,-0.405047,-0.40524,-0.000193,19741.0,19741.0,0.0,SPECTRO,small (n<100),medium (200-800),mid (3-9)
WEASEL2_AdaptiveEnsemble,BeetleFly,0.4213,0.2809,-0.1404,0.1098,0.0569,-0.0529,5.488,2.8432,-2.6448,12.82,6.28,-6.54,0.95,0.95,0.0,0.95,0.95,0.0,-0.294579,-0.299599,-0.00502,19390.0,9381.0,-10009.0,IMAGE,small (n<100),medium (200-800),binary (2)
WEASEL2_AdaptiveEnsemble,BirdChicken,0.4065,0.2723,-0.1342,0.1066,0.057,-0.0496,5.3285,2.8499,-2.4786,12.63,6.16,-6.47,0.9,0.9,0.0,0.9,0.9,0.0,-0.271445,-0.283424,-0.011979,19080.0,9197.0,-9883.0,IMAGE,small (n<100),medium (200-800),binary (2)
WEASEL2_AdaptiveEnsemble,CBF,0.3374,0.4391,0.1017,0.9487,1.0782,0.1295,1.0541,1.198,0.1439,20.06,20.1,0.04,0.982222,0.982222,0.0,0.982237,0.982237,0.0,-0.197581,-0.197078,0.000503,21141.0,21141.0,0.0,SIMULATED,small (n<100),short (<200),mid (3-9)
WEASEL2_AdaptiveEnsemble,Car,1.0025,1.0264,0.0239,0.3405,0.3193,-0.0212,5.6754,5.322,-0.3534,47.1,34.1,-13.0,0.916667,0.916667,0.0,0.915992,0.915992,0.0,-0.191274,-0.191846,-0.000572,18038.0,18037.0,-1.0,SENSOR,small (n<100),medium (200-800),mid (3-9)
WEASEL2_AdaptiveEnsemble,Chinatown,0.2533,0.1866,-0.0667,0.0966,0.0714,-0.0252,0.2816,0.2081,-0.0735,5.19,2.49,-2.7,0.976676,0.976676,0.0,0.983936,0.983936,0.0,-0.15314,-0.13833,0.01481,7364.0,3560.0,-3804.0,TRAFFIC,small (n<100),short (<200),binary (2)
WEASEL2_AdaptiveEnsemble,ChlorineConcentration,5.3323,2.2407,-3.0916,19.0545,7.0463,-12.0082,4.9621,1.835,-3.1271,778.47,290.55,-487.92,0.766146,0.75625,-0.009896,0.713065,0.704004,-0.009061,-0.429147,-0.474657,-0.04551,54469.0,20331.0,-34138.0,SIMULATED,medium (100-500),short (<200),mid (3-9)
WEASEL2_AdaptiveEnsemble,CinCECGTorso,1.0317,2.0683,1.0366,18.7395,31.7364,12.9969,13.5793,22.9974,9.4181,29.6,38.29,8.69,0.962319,0.960145,-0.002174,0.96217,0.960081,-0.002089,-0.199027,-0.192565,0.006462,20829.0,29082.0,8253.0,ECG,small (n<100),long (>800),mid (3-9)
WEASEL2_AdaptiveEnsemble,Coffee,0.7606,0.2706,-0.49,0.1059,0.0395,-0.0664,3.7823,1.4123,-2.37,14.86,7.04,-7.82,1.0,1.0,0.0,1.0,1.0,0.0,-0.114697,-0.111743,0.002954,16470.0,7710.0,-8760.0,SPECTRO,small (n<100),medium (200-800),binary (2)
WEASEL2_AdaptiveEnsemble,Computers,8.4179,5.1062,-3.3117,5.2581,3.1115,-2.1466,21.0326,12.4458,-8.5868,434.48,265.0,-169.48,0.704,0.696,-0.008,0.704,0.696,-0.008,-0.537415,-0.51781,0.019605,56523.0,34501.0,-22022.0,DEVICE,medium (100-500),medium (200-800),binary (2)
WEASEL2_AdaptiveEnsemble,CricketX,6.9149,2.6365,-4.2784,3.161,1.1354,-2.0256,8.105,2.9114,-5.1936,687.57,287.16,-400.41,0.812821,0.802564,-0.010257,0.819957,0.810303,-0.009654,-0.118933,-0.127735,-0.008802,57568.0,24045.0,-33523.0,MOTION,medium (100-500),medium (200-800),many (10+)
WEASEL2_AdaptiveEnsemble,CricketY,6.3751,2.6096,-3.7655,3.0003,1.0976,-1.9027,7.6931,2.8144,-4.8787,687.3,284.99,-402.31,0.807692,0.810256,0.002564,0.809176,0.812501,0.003325,-0.121512,-0.130139,-0.008627,57547.0,23863.0,-33684.0,MOTION,medium (100-500),medium (200-800),many (10+)
WEASEL2_AdaptiveEnsemble,CricketZ,6.2157,2.6106,-3.6051,3.0097,1.1554,-1.8543,7.7172,2.9626,-4.7546,687.53,286.68,-400.85,0.807692,0.805128,-0.002564,0.800486,0.797545,-0.002941,-0.123816,-0.132819,-0.009003,57567.0,24004.0,-33563.0,MOTION,medium (100-500),medium (200-800),many (10+)
WEASEL2_AdaptiveEnsemble,Crop,76.6869,57.1597,-19.5272,18.2702,10.027,-8.2432,1.0875,0.5968,-0.4907,9836.25,4847.04,-4989.21,0.760655,0.749583,-0.011072,0.760655,0.749583,-0.011072,-0.067833,-0.070384,-0.002551,44748.0,22044.0,-22704.0,IMAGE,large (n>500),short (<200),many (10+)
WEASEL2_AdaptiveEnsemble,DiatomSizeReduction,0.3478,0.4778,0.13,0.7883,0.8752,0.0869,2.576,2.8601,0.2841,6.68,6.72,0.04,0.96732,0.96732,0.0,0.929159,0.929159,0.0,-0.193839,-0.193682,0.000157,12042.0,12046.0,4.0,IMAGE,small (n<100),medium (200-800),mid (3-9)
WEASEL2_AdaptiveEnsemble,DistalPhalanxOutlineAgeGroup,2.5266,1.556,-0.9706,0.3702,0.1101,-0.2601,2.6635,0.7919,-1.8716,390.22,201.59,-188.63,0.769784,0.776978,0.007194,0.799623,0.802666,0.003043,-0.294586,-0.296811,-0.002225,31869.0,16457.0,-15412.0,IMAGE,medium (100-500),short (<200),mid (3-9)
WEASEL2_AdaptiveEnsemble,DistalPhalanxOutlineCorrect,3.8549,1.0954,-2.7595,0.5825,0.1135,-0.469,2.1103,0.4113,-1.699,703.61,189.91,-513.7,0.775362,0.793478,0.018116,0.75528,0.777019,0.021739,-0.403738,-0.412742,-0.009004,38359.0,10349.0,-28010.0,IMAGE,large (n>500),short (<200),binary (2)
WEASEL2_AdaptiveEnsemble,DistalPhalanxTW,2.482,1.5784,-0.9036,0.3683,0.1216,-0.2467,2.6495,0.8749,-1.7746,394.29,202.74,-191.55,0.690647,0.705036,0.014389,0.51492,0.519456,0.004536,-0.182256,-0.183993,-0.001737,32201.0,16550.0,-15651.0,IMAGE,medium (100-500),short (<200),mid (3-9)
WEASEL2_AdaptiveEnsemble,ECG200,0.5138,0.3371,-0.1767,0.233,0.0521,-0.1809,2.33,0.5207,-1.8093,62.78,30.64,-32.14,0.89,0.89,0.0,0.871528,0.871528,0.0,-0.342512,-0.34776,-0.005248,20352.0,9911.0,-10441.0,ECG,small (n<100),short (<200),binary (2)
WEASEL2_AdaptiveEnsemble,ECG5000,5.3537,2.0812,-3.2725,13.4545,4.7646,-8.6899,2.9899,1.0588,-1.9311,888.45,342.76,-545.69,0.948222,0.946444,-0.001778,0.545705,0.536231,-0.009474,-0.065255,-0.068537,-0.003282,57235.0,22410.0,-34825.0,ECG,medium (100-500),short (<200),mid (3-9)
WEASEL2_AdaptiveEnsemble,ECGFiveDays,0.3593,0.2392,-0.1201,0.9753,0.5699,-0.4054,1.1328,0.6619,-0.4709,13.96,6.69,-7.27,0.970964,0.976771,0.005807,0.971064,0.976838,0.005774,-0.28154,-0.293609,-0.012069,18654.0,8952.0,-9702.0,ECG,small (n<100),short (<200),binary (2)
WEASEL2_AdaptiveEnsemble,EOGHorizontalSignal,16.2202,9.7774,-6.4428,11.2615,6.5333,-4.7282,31.109,18.0479,-13.0611,631.6,450.89,-180.71,0.61326,0.604972,-0.008288,0.613666,0.605877,-0.007789,-0.109162,-0.115999,-0.006837,56744.0,35473.0,-21271.0,EOG,medium (100-500),long (>800),many (10+)
WEASEL2_AdaptiveEnsemble,EOGVerticalSignal,16.4401,9.9468,-6.4933,11.7311,7.2203,-4.5108,32.4064,19.9456,-12.4608,632.64,398.38,-234.26,0.475138,0.461326,-0.013812,0.476857,0.463141,-0.013716,-0.13153,-0.134987,-0.003457,56854.0,35838.0,-21016.0,EOG,medium (100-500),long (>800),many (10+)
WEASEL2_AdaptiveEnsemble,Earthquakes,8.0146,1.644,-6.3706,2.4158,0.4447,-1.9711,17.38,3.199,-14.181,545.59,137.16,-408.43,0.748201,0.748201,0.0,0.5,0.5,0.0,-0.526539,-0.569412,-0.042873,55236.0,11638.0,-43598.0,SENSOR,medium (100-500),medium (200-800),binary (2)
WEASEL2_AdaptiveEnsemble,ElectricDevices,127.9803,101.6372,-26.3431,14.0645,7.7008,-6.3637,1.824,0.9987,-0.8253,11924.99,5812.58,-6112.41,0.772014,0.765789,-0.006225,0.670491,0.661396,-0.009095,-0.113122,-0.119584,-0.006462,43721.0,21332.0,-22389.0,DEVICE,large (n>500),short (<200),mid (3-9)
WEASEL2_AdaptiveEnsemble,EthanolLevel,29.8308,17.2187,-12.6121,22.2407,12.6858,-9.5549,44.4814,25.3715,-19.1099,821.27,698.97,-122.3,0.588,0.574,-0.014,0.588614,0.574533,-0.014081,-0.414381,-0.446032,-0.031651,50863.0,31175.0,-19688.0,SPECTRO,large (n>500),long (>800),mid (3-9)
WEASEL2_AdaptiveEnsemble,FaceAll,5.8638,2.4063,-3.4575,4.7385,1.6354,-3.1031,2.8038,0.9677,-1.8361,982.94,410.1,-572.84,0.784024,0.784615,0.000591,0.892471,0.892895,0.000424,-0.034663,-0.038192,-0.003529,57394.0,23944.0,-33450.0,IMAGE,large (n>500),short (<200),many (10+)
WEASEL2_AdaptiveEnsemble,FaceFour,0.4951,0.5925,0.0974,0.2944,0.307,0.0126,3.3458,3.4886,0.1428,16.27,16.31,0.04,0.943182,0.943182,0.0,0.948427,0.948427,0.0,-0.272854,-0.276694,-0.00384,21021.0,21020.0,-1.0,IMAGE,small (n<100),medium (200-800),mid (3-9)
WEASEL2_AdaptiveEnsemble,FacesUCR,0.9637,1.2224,0.2587,2.3773,2.4212,0.0439,1.1597,1.1811,0.0214,130.81,130.84,0.03,0.947317,0.947317,0.0,0.910632,0.910632,0.0,-0.074158,-0.074085,7.3e-05,21308.0,21308.0,0.0,IMAGE,medium (100-500),short (<200),many (10+)
WEASEL2_AdaptiveEnsemble,FiftyWords,7.0616,2.6551,-4.4065,2.9465,0.9785,-1.968,6.4757,2.1505,-4.3252,736.45,281.21,-455.24,0.832967,0.837363,0.004396,0.729409,0.741123,0.011714,-0.036047,-0.036961,-0.000914,53439.0,20389.0,-33050.0,IMAGE,medium (100-500),medium (200-800),many (10+)
WEASEL2_AdaptiveEnsemble,Fish,1.4339,1.7824,0.3485,0.8229,0.7351,-0.0878,4.7023,4.2006,-0.5017,99.75,99.78,0.03,0.988571,0.988571,0.0,0.988946,0.988946,0.0,-0.091011,-0.090762,0.000249,18497.0,18496.0,-1.0,IMAGE,medium (100-500),medium (200-800),mid (3-9)
WEASEL2_AdaptiveEnsemble,FordA,82.469,18.9832,-63.4858,14.6704,2.7964,-11.874,11.114,2.1185,-8.9955,6327.14,1402.27,-4924.87,0.960606,0.959091,-0.001515,0.960711,0.959242,-0.001469,-0.216579,-0.222213,-0.005634,57549.0,12754.0,-44795.0,SENSOR,large (n>500),medium (200-800),binary (2)
WEASEL2_AdaptiveEnsemble,FordB,82.2775,19.2909,-62.9866,9.1651,1.7799,-7.3852,11.3149,2.1974,-9.1175,6390.5,1420.0,-4970.5,0.839506,0.838272,-0.001234,0.839247,0.838122,-0.001125,-0.197846,-0.203707,-0.005861,57566.0,12791.0,-44775.0,SENSOR,large (n>500),medium (200-800),binary (2)
WEASEL2_AdaptiveEnsemble,FreezerRegularTrain,1.0714,0.6489,-0.4225,7.2579,4.0282,-3.2297,2.5466,1.4134,-1.1332,95.35,45.96,-49.39,0.993333,0.992281,-0.001052,0.993333,0.992281,-0.001052,-0.063928,-0.061813,0.002115,20646.0,9935.0,-10711.0,SENSOR,medium (100-500),medium (200-800),binary (2)
WEASEL2_AdaptiveEnsemble,FreezerSmallTrain,0.4244,0.2956,-0.1288,7.1505,4.0625,-3.088,2.5089,1.4254,-1.0835,17.84,8.58,-9.26,0.974386,0.950526,-0.02386,0.974386,0.950526,-0.02386,-0.159199,-0.142631,0.016568,19912.0,9493.0,-10419.0,SENSOR,small (n<100),medium (200-800),binary (2)
WEASEL2_AdaptiveEnsemble,GunPoint,0.4573,0.3052,-0.1521,0.2334,0.1256,-0.1078,1.5563,0.8371,-0.7192,27.89,13.34,-14.55,1.0,1.0,0.0,1.0,1.0,0.0,-0.077205,-0.074953,0.002252,17828.0,8479.0,-9349.0,MOTION,small (n<100),short (<200),binary (2)
WEASEL2_AdaptiveEnsemble,GunPointAgeSpan,0.7483,0.4818,-0.2665,0.5745,0.2498,-0.3247,1.8179,0.7904,-1.0275,71.87,34.05,-37.82,1.0,1.0,0.0,1.0,1.0,0.0,-0.059993,-0.07109,-0.011097,17278.0,8166.0,-9112.0,MOTION,medium (100-500),short (<200),binary (2)
WEASEL2_AdaptiveEnsemble,GunPointMaleVersusFemale,1.0831,0.4781,-0.605,0.6662,0.2754,-0.3908,2.1083,0.8714,-1.2369,70.93,33.84,-37.09,0.996835,0.996835,0.0,0.996988,0.996988,0.0,-0.034384,-0.034344,4e-05,17049.0,8116.0,-8933.0,MOTION,medium (100-500),short (<200),binary (2)
WEASEL2_AdaptiveEnsemble,GunPointOldVersusYoung,0.7589,0.4799,-0.279,0.582,0.243,-0.339,1.8476,0.7715,-1.0761,72.16,34.52,-37.64,0.993651,0.990476,-0.003175,0.993333,0.99,-0.003333,-0.060537,-0.056781,0.003756,17222.0,8220.0,-9002.0,MOTION,medium (100-500),short (<200),binary (2)
WEASEL2_AdaptiveEnsemble,Ham,1.0422,0.6276,-0.4146,0.5509,0.2246,-0.3263,5.2463,2.1391,-3.1072,66.91,32.27,-34.64,0.761905,0.761905,0.0,0.761438,0.761438,0.0,-0.32257,-0.334223,-0.011653,19835.0,9544.0,-10291.0,SPECTRO,medium (100-500),medium (200-800),binary (2)
WEASEL2_AdaptiveEnsemble,HandOutlines,88.1862,60.9571,-27.2291,23.9071,15.2765,-8.6306,64.6138,41.2877,-23.3261,1713.6,1024.02,-689.58,0.959459,0.945946,-0.013513,0.950208,0.93306,-0.017148,-0.238304,-0.24319,-0.004886,55894.0,33368.0,-22526.0,IMAGE,large (n>500),long (>800),binary (2)
WEASEL2_AdaptiveEnsemble,Haptics,2.248,4.6242,2.3762,2.6205,5.1931,2.5726,8.508,16.8609,8.3529,101.61,142.04,40.43,0.49026,0.493506,0.003246,0.490125,0.491723,0.001598,-0.529634,-0.530654,-0.00102,21174.0,29569.0,8395.0,MOTION,medium (100-500),long (>800),mid (3-9)
WEASEL2_AdaptiveEnsemble,Herring,0.7393,0.4848,-0.2545,0.41,0.1691,-0.2409,6.4063,2.6422,-3.7641,37.2,17.97,-19.23,0.671875,0.671875,0.0,0.620445,0.6083,-0.012145,-0.939458,-0.925581,0.013877,18544.0,8916.0,-9628.0,IMAGE,small (n<100),medium (200-800),binary (2)
WEASEL2_AdaptiveEnsemble,HouseTwenty,1.3029,2.6934,1.3905,1.8397,3.2679,1.4282,15.4599,27.4612,12.0013,34.83,38.58,3.75,0.966387,0.957983,-0.008404,0.96,0.95,-0.01,-0.147795,-0.1492,-0.001405,20846.0,28990.0,8144.0,DEVICE,small (n<100),long (>800),binary (2)
WEASEL2_AdaptiveEnsemble,InlineSkate,2.5138,5.1975,2.6837,8.0122,14.8875,6.8753,14.5677,27.0681,12.5004,84.85,99.99,15.14,0.443636,0.454545,0.010909,0.449845,0.458783,0.008938,-0.444079,-0.448027,-0.003948,21267.0,29680.0,8413.0,MOTION,small (n<100),long (>800),mid (3-9)
WEASEL2_AdaptiveEnsemble,InsectEPGRegularTrain,0.8471,1.096,0.2489,1.1264,1.4971,0.3707,4.5238,6.0123,1.4885,40.94,40.99,0.05,1.0,1.0,0.0,1.0,1.0,0.0,-0.015226,-0.015226,0.0,21075.0,21075.0,0.0,EPG,small (n<100),medium (200-800),mid (3-9)
WEASEL2_AdaptiveEnsemble,InsectEPGSmallTrain,0.494,0.6623,0.1683,1.2805,1.4762,0.1957,5.1427,5.9286,0.7859,11.89,11.93,0.04,0.983936,0.983936,0.0,0.985019,0.985019,0.0,-0.078519,-0.079164,-0.000645,20877.0,20877.0,0.0,EPG,small (n<100),medium (200-800),mid (3-9)
WEASEL2_AdaptiveEnsemble,InsectWingbeatSound,1.3368,1.7475,0.4107,4.1051,5.2926,1.1875,2.0733,2.673,0.5997,130.1,130.14,0.04,0.637879,0.637374,-0.000505,0.637879,0.637374,-0.000505,-0.217569,-0.217507,6.2e-05,19255.0,19255.0,0.0,SOUND,medium (100-500),medium (200-800),many (10+)
WEASEL2_AdaptiveEnsemble,ItalyPowerDemand,0.4147,0.2569,-0.1578,0.472,0.2035,-0.2685,0.4587,0.1978,-0.2609,30.35,14.77,-15.58,0.959184,0.95724,-0.001944,0.959144,0.957189,-0.001955,-0.190887,-0.190609,0.000278,14566.0,7054.0,-7512.0,SENSOR,small (n<100),short (<200),binary (2)
WEASEL2_AdaptiveEnsemble,LargeKitchenAppliances,12.4426,9.7433,-2.6993,7.8495,5.2121,-2.6374,20.9321,13.899,-7.0331,645.58,389.32,-256.26,0.810667,0.792,-0.018667,0.810667,0.792,-0.018667,-0.292627,-0.335534,-0.042907,56127.0,33862.0,-22265.0,DEVICE,medium (100-500),medium (200-800),mid (3-9)
WEASEL2_AdaptiveEnsemble,Lightning2,0.8106,0.5166,-0.294,0.3497,0.1977,-0.152,5.7324,3.2407,-2.4917,36.51,18.87,-17.64,0.721311,0.754098,0.032787,0.709957,0.748377,0.03842,-0.712214,-0.745507,-0.033293,19352.0,9158.0,-10194.0,SENSOR,small (n<100),medium (200-800),binary (2)
WEASEL2_AdaptiveEnsemble,Lightning7,0.9977,1.2848,0.2871,0.3469,0.3462,-0.0007,4.752,4.7426,-0.0094,42.02,42.06,0.04,0.794521,0.780822,-0.013699,0.811195,0.801295,-0.0099,-0.269334,-0.273306,-0.003972,19276.0,19276.0,0.0,SENSOR,small (n<100),medium (200-800),mid (3-9)
WEASEL2_AdaptiveEnsemble,Mallat,1.0173,2.2814,1.2641,20.4378,39.4256,18.9878,8.7155,16.8126,8.0971,32.51,45.55,13.04,0.938166,0.938593,0.000427,0.938817,0.93923,0.000413,-0.101117,-0.096011,0.005106,18549.0,25911.0,7362.0,SIMULATED,small (n<100),long (>800),mid (3-9)
WEASEL2_AdaptiveEnsemble,Meat,0.7099,0.9063,0.1964,0.2494,0.2746,0.0252,4.1575,4.577,0.4195,27.55,27.59,0.04,0.916667,0.916667,0.0,0.916667,0.916667,0.0,-0.076766,-0.076793,-2.7e-05,14555.0,14555.0,0.0,SPECTRO,small (n<100),medium (200-800),mid (3-9)
WEASEL2_AdaptiveEnsemble,MedicalImages,2.6671,2.1888,-0.4783,1.4751,0.8222,-0.6529,1.9409,1.0819,-0.859,489.9,239.99,-249.91,0.780263,0.769737,-0.010526,0.694331,0.662886,-0.031445,-0.154132,-0.156379,-0.002247,42019.0,20573.0,-21446.0,IMAGE,medium (100-500),short (<200),many (10+)
WEASEL2_AdaptiveEnsemble,MiddlePhalanxOutlineAgeGroup,2.7155,1.6084,-1.1071,0.4187,0.133,-0.2857,2.7189,0.8638,-1.8551,353.64,181.54,-172.1,0.61039,0.62987,0.01948,0.475144,0.481287,0.006143,-0.363397,-0.36242,0.000977,28875.0,14816.0,-14059.0,IMAGE,medium (100-500),short (<200),mid (3-9)
WEASEL2_AdaptiveEnsemble,MiddlePhalanxOutlineCorrect,3.6528,1.1998,-2.453,0.6165,0.2122,-0.4043,2.1185,0.7292,-1.3893,581.88,156.74,-425.14,0.831615,0.828179,-0.003436,0.822771,0.816795,-0.005976,-0.43661,-0.429944,0.006666,31714.0,8538.0,-23176.0,IMAGE,large (n>500),short (<200),binary (2)
WEASEL2_AdaptiveEnsemble,MiddlePhalanxTW,2.5705,1.8799,-0.6906,0.4927,0.1526,-0.3401,3.1995,0.9911,-2.2084,355.5,182.58,-172.92,0.551948,0.577922,0.025974,0.38469,0.401733,0.017043,-0.306022,-0.305886,0.000136,29098.0,14937.0,-14161.0,IMAGE,medium (100-500),short (<200),mid (3-9)
WEASEL2_AdaptiveEnsemble,MixedShapesRegularTrain,18.0446,11.7913,-6.2533,64.6516,41.6778,-22.9738,26.6605,17.1867,-9.4738,859.55,530.57,-328.98,0.974845,0.973196,-0.001649,0.973852,0.971636,-0.002216,-0.062227,-0.063244,-0.001017,56071.0,34629.0,-21442.0,IMAGE,medium (100-500),long (>800),mid (3-9)
WEASEL2_AdaptiveEnsemble,MixedShapesSmallTrain,1.626,2.9181,1.2921,21.0231,36.8793,15.8562,8.6693,15.208,6.5387,60.93,85.32,24.39,0.961649,0.962062,0.000413,0.960381,0.961059,0.000678,-0.106769,-0.106792,-2.3e-05,19512.0,27280.0,7768.0,IMAGE,small (n<100),long (>800),mid (3-9)
WEASEL2_AdaptiveEnsemble,MoteStrain,0.3454,0.214,-0.1314,1.009,0.5508,-0.4582,0.8059,0.44,-0.3659,11.47,5.58,-5.89,0.960064,0.958466,-0.001598,0.959566,0.957581,-0.001985,-0.320705,-0.321538,-0.000833,17751.0,8519.0,-9232.0,SENSOR,small (n<100),short (<200),binary (2)
WEASEL2_AdaptiveEnsemble,NonInvasiveFetalECGThorax1,50.0549,30.7226,-19.3323,35.4005,21.4989,-13.9016,18.0155,10.9409,-7.0746,3154.38,1949.28,-1205.1,0.927226,0.922137,-0.005089,0.925766,0.92091,-0.004856,-0.029205,-0.03233,-0.003125,57342.0,35431.0,-21911.0,ECG,large (n>500),medium (200-800),many (10+)
WEASEL2_AdaptiveEnsemble,NonInvasiveFetalECGThorax2,49.1074,29.6088,-19.4986,35.6653,22.4465,-13.2188,18.1503,11.4232,-6.7271,3154.66,1949.94,-1204.72,0.954707,0.946565,-0.008142,0.952463,0.944703,-0.00776,-0.02217,-0.024842,-0.002672,57347.0,35443.0,-21904.0,ECG,large (n>500),medium (200-800),many (10+)
WEASEL2_AdaptiveEnsemble,OSULeaf,1.5664,1.8877,0.3213,0.9637,0.9327,-0.031,3.9823,3.8542,-0.1281,126.6,126.64,0.04,0.966942,0.966942,0.0,0.952899,0.952899,0.0,-0.103544,-0.103626,-8.2e-05,20586.0,20586.0,0.0,IMAGE,medium (100-500),medium (200-800),mid (3-9)
WEASEL2_AdaptiveEnsemble,OliveOil,0.5773,0.7561,0.1788,0.1793,0.1859,0.0066,5.9767,6.1976,0.2209,13.27,13.31,0.04,0.966667,0.966667,0.0,0.979167,0.979167,0.0,-0.266402,-0.266683,-0.000281,13424.0,13419.0,-5.0,SPECTRO,small (n<100),medium (200-800),mid (3-9)
WEASEL2_AdaptiveEnsemble,PhalangesOutlinesCorrect,10.8649,3.4433,-7.4216,1.4237,0.4643,-0.9594,1.6593,0.5412,-1.1181,2126.19,570.92,-1555.27,0.831002,0.824009,-0.006993,0.8044,0.795919,-0.008481,-0.427157,-0.452397,-0.02524,38683.0,10385.0,-28298.0,IMAGE,large (n>500),short (<200),binary (2)
WEASEL2_AdaptiveEnsemble,Phoneme,3.0284,5.2501,2.2217,16.1767,28.3207,12.144,8.532,14.9371,6.4051,127.38,177.46,50.08,0.347574,0.353376,0.005802,0.18485,0.190194,0.005344,-0.095373,-0.0967,-0.001327,19274.0,26837.0,7563.0,SOUND,medium (100-500),long (>800),many (10+)
WEASEL2_AdaptiveEnsemble,PigAirwayPressure,2.8282,5.0994,2.2712,3.5672,5.8604,2.2932,17.1502,28.1749,11.0247,92.2,104.92,12.72,0.9375,0.908654,-0.028846,0.9375,0.908654,-0.028846,-0.065054,-0.064479,0.000575,21059.0,29464.0,8405.0,HEMODYNAMICS,medium (100-500),long (>800),many (10+)
WEASEL2_AdaptiveEnsemble,PigArtPressure,2.6851,4.9526,2.2675,3.2067,5.294,2.0873,15.4169,25.4518,10.0349,101.12,107.2,6.08,0.985577,0.985577,0.0,0.985577,0.985577,0.0,-0.03186,-0.032185,-0.000325,20482.0,28677.0,8195.0,HEMODYNAMICS,medium (100-500),long (>800),many (10+)
WEASEL2_AdaptiveEnsemble,PigCVP,3.2298,4.5094,1.2796,3.1761,5.5268,2.3507,15.2697,26.5711,11.3014,102.76,110.26,7.5,0.966346,0.951923,-0.014423,0.966346,0.951923,-0.014423,-0.044822,-0.044797,2.5e-05,21324.0,29893.0,8569.0,HEMODYNAMICS,medium (100-500),long (>800),many (10+)
WEASEL2_AdaptiveEnsemble,Plane,0.7409,0.8019,0.061,0.2998,0.1578,-0.142,2.855,1.5031,-1.3519,60.95,61.0,0.05,1.0,1.0,0.0,1.0,1.0,0.0,-0.008858,-0.008798,6e-05,18802.0,18804.0,2.0,SENSOR,medium (100-500),short (<200),mid (3-9)
WEASEL2_AdaptiveEnsemble,PowerCons,0.9887,0.5556,-0.4331,0.4124,0.1383,-0.2741,2.2909,0.7685,-1.5224,112.53,54.84,-57.69,0.927778,0.933333,0.005555,0.927778,0.933333,0.005555,-0.279562,-0.269498,0.010064,20356.0,9907.0,-10449.0,DEVICE,medium (100-500),short (<200),binary (2)
WEASEL2_AdaptiveEnsemble,ProximalPhalanxOutlineAgeGroup,2.6673,1.6025,-1.0648,0.507,0.1859,-0.3211,2.4733,0.907,-1.5663,313.89,161.55,-152.34,0.858537,0.858537,0.0,0.798414,0.798414,0.0,-0.299196,-0.29583,0.003366,25621.0,13179.0,-12442.0,IMAGE,medium (100-500),short (<200),mid (3-9)
WEASEL2_AdaptiveEnsemble,ProximalPhalanxOutlineCorrect,4.0168,1.1428,-2.874,0.6531,0.1348,-0.5183,2.2442,0.4633,-1.7809,521.41,139.31,-382.1,0.90378,0.886598,-0.017182,0.865359,0.838185,-0.027174,-0.36707,-0.363572,0.003498,28413.0,7587.0,-20826.0,IMAGE,large (n>500),short (<200),binary (2)
WEASEL2_AdaptiveEnsemble,ProximalPhalanxTW,2.7473,1.6105,-1.1368,0.5094,0.1853,-0.3241,2.4848,0.904,-1.5808,312.13,160.73,-151.4,0.809756,0.814634,0.004878,0.485288,0.522193,0.036905,-0.164638,-0.167753,-0.003115,25475.0,13111.0,-12364.0,IMAGE,medium (100-500),short (<200),mid (3-9)
WEASEL2_AdaptiveEnsemble,RefrigerationDevices,11.4979,6.707,-4.7909,7.0381,4.0793,-2.9588,18.7684,10.878,-7.8904,638.28,389.16,-249.12,0.554667,0.554667,0.0,0.554667,0.554667,0.0,-0.337238,-0.353358,-0.01612,55489.0,33848.0,-21641.0,DEVICE,medium (100-500),medium (200-800),mid (3-9)
WEASEL2_AdaptiveEnsemble,Rock,1.0783,2.1516,1.0733,1.0809,1.8249,0.744,21.6183,36.4983,14.88,25.12,24.75,-0.37,0.9,0.88,-0.02,0.922619,0.904762,-0.017857,-0.363254,-0.36711,-0.003856,19712.0,27440.0,7728.0,SPECTRO,small (n<100),long (>800),mid (3-9)
WEASEL2_AdaptiveEnsemble,ScreenType,11.9217,7.0389,-4.8828,7.9262,4.4472,-3.479,21.1365,11.8591,-9.2774,647.04,389.06,-257.98,0.453333,0.469333,0.016,0.453333,0.469333,0.016,-0.643247,-0.694629,-0.051382,56255.0,33840.0,-22415.0,DEVICE,medium (100-500),medium (200-800),mid (3-9)
WEASEL2_AdaptiveEnsemble,SemgHandGenderCh2,18.0292,10.8641,-7.1651,26.6994,16.0694,-10.63,44.499,26.7824,-17.7166,532.1,406.49,-125.61,0.938333,0.93,-0.008333,0.933883,0.926374,-0.007509,-0.260212,-0.281504,-0.021292,57568.0,36574.0,-20994.0,SPECTRO,medium (100-500),long (>800),binary (2)
WEASEL2_AdaptiveEnsemble,SemgHandMovementCh2,26.8339,15.8528,-10.9811,19.9393,11.9348,-8.0045,44.3096,26.5218,-17.7878,796.38,552.24,-244.14,0.633333,0.628889,-0.004444,0.633333,0.628889,-0.004444,-0.323644,-0.383859,-0.060215,57568.0,36574.0,-20994.0,SPECTRO,medium (100-500),long (>800),mid (3-9)
WEASEL2_AdaptiveEnsemble,SemgHandSubjectCh2,26.9964,15.9485,-11.0479,20.4618,11.8729,-8.5889,45.4708,26.3843,-19.0865,795.65,667.04,-128.61,0.895556,0.888889,-0.006667,0.895556,0.888889,-0.006667,-0.175348,-0.193181,-0.017833,57568.0,36574.0,-20994.0,SPECTRO,medium (100-500),long (>800),mid (3-9)
WEASEL2_AdaptiveEnsemble,ShapeletSim,0.4783,0.3053,-0.173,0.8064,0.4386,-0.3678,4.4801,2.4366,-2.0435,13.46,6.7,-6.76,1.0,1.0,0.0,1.0,1.0,0.0,-0.521267,-0.563065,-0.041798,20444.0,10075.0,-10369.0,SIMULATED,small (n<100),medium (200-800),binary (2)
WEASEL2_AdaptiveEnsemble,ShapesAll,13.0355,5.052,-7.9835,7.1095,2.6762,-4.4333,11.8492,4.4603,-7.3889,1039.17,422.32,-616.85,0.936667,0.94,0.003333,0.936667,0.94,0.003333,-0.017718,-0.019542,-0.001824,56571.0,22976.0,-33595.0,IMAGE,large (n>500),medium (200-800),many (10+)
WEASEL2_AdaptiveEnsemble,SmallKitchenAppliances,12.3652,7.4551,-4.9101,8.0222,4.6784,-3.3438,21.3925,12.4756,-8.9169,644.87,389.19,-255.68,0.781333,0.789333,0.008,0.781333,0.789333,0.008,-0.450474,-0.39412,0.056354,56065.0,33851.0,-22214.0,DEVICE,medium (100-500),medium (200-800),mid (3-9)
WEASEL2_AdaptiveEnsemble,SmoothSubspace,0.5575,0.7132,0.1557,0.1733,0.0686,-0.1047,1.1553,0.4573,-0.698,65.23,65.27,0.04,0.973333,0.973333,0.0,0.973333,0.973333,0.0,-0.14595,-0.143819,0.002131,14126.0,14127.0,1.0,SIMULATED,medium (100-500),short (<200),mid (3-9)
WEASEL2_AdaptiveEnsemble,SonyAIBORobotSurface1,0.3655,0.2121,-0.1534,0.452,0.2314,-0.2206,0.7522,0.385,-0.3672,11.39,5.56,-5.83,0.941764,0.948419,0.006655,0.948499,0.95433,0.005831,-0.301207,-0.299297,0.00191,17641.0,8500.0,-9141.0,SENSOR,small (n<100),short (<200),binary (2)
WEASEL2_AdaptiveEnsemble,SonyAIBORobotSurface2,0.351,0.2233,-0.1277,0.6301,0.3386,-0.2915,0.6611,0.3553,-0.3058,16.41,8.01,-8.4,0.951731,0.944386,-0.007345,0.957248,0.947659,-0.009589,-0.274811,-0.297008,-0.022197,19148.0,9257.0,-9891.0,SENSOR,small (n<100),short (<200),binary (2)
WEASEL2_AdaptiveEnsemble,StarLightCurves,35.5163,21.2306,-14.2857,249.8482,147.5527,-102.2955,30.3361,17.9156,-12.4205,1701.13,1009.71,-691.42,0.983244,0.981666,-0.001578,0.965744,0.963341,-0.002403,-0.065646,-0.066978,-0.001332,55612.0,33015.0,-22597.0,SENSOR,large (n>500),long (>800),mid (3-9)
WEASEL2_AdaptiveEnsemble,Strawberry,7.8414,1.6736,-6.1678,2.2383,0.4188,-1.8195,6.0494,1.1318,-4.9176,999.19,197.52,-801.67,0.981081,0.978378,-0.002703,0.983607,0.981506,-0.002101,-0.07971,-0.090236,-0.010526,53299.0,10533.0,-42766.0,SPECTRO,large (n>500),medium (200-800),binary (2)
WEASEL2_AdaptiveEnsemble,SwedishLeaf,5.2182,2.2383,-2.9799,1.9682,0.7357,-1.2325,3.1492,1.1771,-1.9721,872.21,353.46,-518.75,0.976,0.9712,-0.0048,0.976919,0.971783,-0.005136,-0.043859,-0.047761,-0.003902,57030.0,23107.0,-33923.0,IMAGE,medium (100-500),short (<200),many (10+)
WEASEL2_AdaptiveEnsemble,Symbols,0.4398,0.6173,0.1775,3.6522,3.481,-0.1712,3.6705,3.4985,-0.172,14.08,14.12,0.04,0.98392,0.98392,0.0,0.984188,0.984188,0.0,-0.070938,-0.070837,0.000101,17305.0,17305.0,0.0,IMAGE,small (n<100),medium (200-800),mid (3-9)
WEASEL2_AdaptiveEnsemble,SyntheticControl,2.0879,1.2957,-0.7922,0.5267,0.2472,-0.2795,1.7555,0.824,-0.9315,414.9,204.11,-210.79,0.996667,0.993333,-0.003334,0.996667,0.993333,-0.003334,-0.080614,-0.081844,-0.00123,45180.0,22214.0,-22966.0,SIMULATED,medium (100-500),short (<200),mid (3-9)
WEASEL2_AdaptiveEnsemble,ToeSegmentation1,0.4809,0.3279,-0.153,0.5188,0.3275,-0.1913,2.2755,1.4365,-0.839,26.68,13.17,-13.51,0.969298,0.973684,0.004386,0.969444,0.973611,0.004167,-0.253793,-0.238412,0.015381,21184.0,10406.0,-10778.0,MOTION,small (n<100),medium (200-800),binary (2)
WEASEL2_AdaptiveEnsemble,ToeSegmentation2,0.5155,0.327,-0.1885,0.366,0.2311,-0.1349,2.8157,1.7777,-1.038,23.87,11.74,-12.13,0.938462,0.930769,-0.007693,0.930031,0.941431,0.0114,-0.149877,-0.136622,0.013255,20939.0,10235.0,-10704.0,MOTION,small (n<100),medium (200-800),binary (2)
WEASEL2_AdaptiveEnsemble,Trace,0.8012,1.0359,0.2347,0.4112,0.3138,-0.0974,4.1123,3.1382,-0.9741,63.61,63.66,0.05,1.0,1.0,0.0,1.0,1.0,0.0,-0.027501,-0.027507,-6e-06,20577.0,20577.0,0.0,SENSOR,small (n<100),medium (200-800),mid (3-9)
WEASEL2_AdaptiveEnsemble,TwoLeadECG,0.3556,0.2227,-0.1329,0.8027,0.5328,-0.2699,0.7048,0.4678,-0.237,11.31,5.38,-5.93,0.999122,1.0,0.000878,0.999123,1.0,0.000877,-0.216319,-0.202203,0.014116,15236.0,7136.0,-8100.0,ECG,small (n<100),short (<200),binary (2)
WEASEL2_AdaptiveEnsemble,TwoPatterns,10.3833,4.0682,-6.3151,12.3396,4.4687,-7.8709,3.0849,1.1172,-1.9677,1757.96,736.43,-1021.53,0.99725,0.996,-0.00125,0.99726,0.996006,-0.001254,-0.06806,-0.077838,-0.009778,57541.0,24104.0,-33437.0,SIMULATED,large (n>500),short (<200),mid (3-9)
WEASEL2_AdaptiveEnsemble,UMD,0.4504,0.5595,0.1091,0.2075,0.2442,0.0367,1.4408,1.6958,0.255,23.22,23.26,0.04,0.986111,0.986111,0.0,0.986111,0.986111,0.0,-0.176084,-0.175944,0.00014,20490.0,20490.0,0.0,SIMULATED,small (n<100),short (<200),mid (3-9)
WEASEL2_AdaptiveEnsemble,UWaveGestureLibraryAll,28.2548,16.8676,-11.3872,91.9744,53.9386,-38.0358,25.6768,15.0582,-10.6186,1494.42,918.22,-576.2,0.957566,0.958961,0.001395,0.957654,0.959039,0.001385,-0.077114,-0.079653,-0.002539,54512.0,33502.0,-21010.0,MOTION,large (n>500),long (>800),mid (3-9)
WEASEL2_AdaptiveEnsemble,UWaveGestureLibraryX,12.1563,5.2874,-6.8689,27.3412,10.376,-16.9652,7.6329,2.8967,-4.7362,1469.18,578.98,-890.2,0.843384,0.835567,-0.007817,0.841632,0.833865,-0.007767,-0.156302,-0.166071,-0.009769,53637.0,21137.0,-32500.0,MOTION,large (n>500),medium (200-800),mid (3-9)
WEASEL2_AdaptiveEnsemble,UWaveGestureLibraryY,12.9303,5.3712,-7.5591,27.6943,10.6334,-17.0609,7.7315,2.9686,-4.7629,1497.49,600.14,-897.35,0.770519,0.768565,-0.001954,0.771199,0.76914,-0.002059,-0.197977,-0.207918,-0.009941,54677.0,21911.0,-32766.0,MOTION,large (n>500),medium (200-800),mid (3-9)
WEASEL2_AdaptiveEnsemble,UWaveGestureLibraryZ,12.9805,5.2622,-7.7183,27.656,10.2092,-17.4468,7.7208,2.8501,-4.8707,1491.15,595.85,-895.3,0.793691,0.785036,-0.008655,0.795289,0.786806,-0.008483,-0.189667,-0.194902,-0.005235,54445.0,21754.0,-32691.0,MOTION,large (n>500),medium (200-800),mid (3-9)
WEASEL2_AdaptiveEnsemble,Wafer,10.4844,2.1755,-8.3089,24.4084,4.4692,-19.9392,3.9598,0.725,-3.2348,1709.22,359.41,-1349.81,0.999513,0.998378,-0.001135,0.997744,0.992481,-0.005263,-0.006033,-0.008478,-0.002445,55944.0,11762.0,-44182.0,SENSOR,large (n>500),short (<200),binary (2)
WEASEL2_AdaptiveEnsemble,Wine,0.4841,0.3655,-0.1186,0.1171,0.0715,-0.0456,2.1683,1.3248,-0.8435,16.74,8.09,-8.65,0.907407,0.944444,0.037037,0.907407,0.944444,0.037037,-0.130514,-0.112934,0.01758,9227.0,4417.0,-4810.0,SPECTRO,small (n<100),medium (200-800),binary (2)
WEASEL2_AdaptiveEnsemble,WordSynonyms,4.6378,1.8151,-2.8227,9.2935,1.326,-7.9675,14.5667,2.0783,-12.4884,454.65,177.07,-277.58,0.73511,0.725705,-0.009405,0.568106,0.565972,-0.002134,-0.078976,-0.081134,-0.002158,55514.0,21612.0,-33902.0,IMAGE,medium (100-500),medium (200-800),many (10+)
WEASEL2_AdaptiveEnsemble,Worms,6.8199,3.9549,-2.865,0.8172,1.0001,0.1829,10.6136,12.9879,2.3743,104.46,146.4,41.94,0.714286,0.753247,0.038961,0.632587,0.669709,0.037122,-0.327314,-0.32477,0.002544,18678.0,26156.0,7478.0,MOTION,medium (100-500),long (>800),mid (3-9)
WEASEL2_AdaptiveEnsemble,WormsTwoClass,2.3728,3.9373,1.5645,0.7324,1.0009,0.2685,9.5121,12.9982,3.4861,117.47,146.39,28.92,0.805195,0.779221,-0.025974,0.806818,0.780303,-0.026515,-0.540787,-0.538296,0.002491,18678.0,26156.0,7478.0,MOTION,medium (100-500),long (>800),binary (2)
WEASEL2_AdaptiveEnsemble,Yoga,5.2799,1.2041,-4.0758,28.9922,5.7637,-23.2285,9.6641,1.9212,-7.7429,522.43,110.77,-411.66,0.926333,0.921,-0.005333,0.925311,0.920142,-0.005169,-0.299404,-0.341644,-0.04224,56763.0,12039.0,-44724.0,IMAGE,medium (100-500),medium (200-800),binary (2)
