classifier,dataset,n_train,n_test,ts_length,n_classes,n_features,fit_time_s,predict_time_s,predict_time_per_sample_ms,peak_fit_mem_mb,accuracy,balanced_accuracy,train_cv_accuracy
WEASEL2_r100,ACSF1,100,100,1460,10,33861,4.6254,2.5891,25.8907,106.72,0.95,0.95,-0.18576
WEASEL2_r100,Adiac,390,391,176,37,34788,3.8973,1.2475,3.1906,415.69,0.841432,0.851334,-0.046236
WEASEL2_r100,ArrowHead,36,175,251,3,35707,1.0613,0.7822,4.4695,40.76,0.868571,0.874305,-0.3157
WEASEL2_r100,Coffee,28,28,286,2,30560,0.9906,0.1437,5.1334,27.66,1.0,1.0,-0.113713
WEASEL2_r100,Crop,7200,16800,46,24,44748,82.5746,21.4739,1.2782,9836.31,0.760238,0.760238,-0.06781
WEASEL2_r100,DistalPhalanxOutlineCorrect,600,276,80,2,38358,4.7411,0.4776,1.7305,703.67,0.771739,0.752174,-0.401942
WEASEL2_r100,EOGHorizontalSignal,362,362,1250,12,47872,14.1701,9.4835,26.1974,532.1,0.607735,0.608565,-0.114491
WEASEL2_r100,ElectricDevices,8926,7711,96,7,43721,135.2273,15.64,2.0283,11911.98,0.770198,0.667737,-0.113434
WEASEL2_r100,FiftyWords,450,455,270,50,41739,5.249,1.9536,4.2937,575.18,0.832967,0.7349,-0.03687
WEASEL2_r100,Fish,175,175,463,7,34713,3.3157,1.3257,7.5754,187.26,0.982857,0.982993,-0.08461
WEASEL2_r100,FordA,3601,1320,500,2,49259,63.7141,11.3213,8.5767,5415.4,0.963636,0.963744,-0.215251
WEASEL2_r100,GunPoint,50,150,150,2,33388,1.0445,0.4267,2.8443,52.3,1.0,1.0,-0.079725
WEASEL2_r100,Haptics,155,308,1092,5,39736,5.7015,5.845,18.9773,190.82,0.5,0.499199,-0.535056
WEASEL2_r100,HouseTwenty,40,119,2000,2,39271,3.0773,4.0586,34.1063,52.17,0.957983,0.95,-0.159045
WEASEL2_r100,InlineSkate,100,550,1882,7,40029,5.7182,17.384,31.6072,126.23,0.449091,0.455801,-0.440546
WEASEL2_r100,ItalyPowerDemand,67,1029,24,2,27218,0.9054,0.604,0.587,56.78,0.955296,0.955251,-0.184026
WEASEL2_r100,MiddlePhalanxTW,399,154,80,6,29106,3.305,0.346,2.247,355.67,0.551948,0.38469,-0.305743
WEASEL2_r100,Phoneme,214,1896,1024,39,36110,6.5788,34.9114,18.4132,238.68,0.355485,0.194372,-0.097001
WEASEL2_r100,Rock,20,50,2844,4,36777,2.8495,2.36,47.2007,29.56,0.86,0.886905,-0.3662
WEASEL2_r100,SonyAIBORobotSurface1,20,601,70,2,33429,0.719,0.7889,1.3126,21.63,0.9401,0.947042,-0.308061
WEASEL2_r100,SwedishLeaf,500,625,128,15,47316,4.216,1.3064,2.0903,723.55,0.976,0.976701,-0.044346
WEASEL2_r100,UWaveGestureLibraryX,896,3582,315,8,43856,10.4065,20.8056,5.8084,1201.01,0.843384,0.841717,-0.161483
WEASEL2_r125,ACSF1,100,100,1460,10,41436,5.9209,3.0937,30.9373,130.64,0.96,0.96,-0.183799
WEASEL2_r125,Adiac,390,391,176,37,41347,4.8197,1.5721,4.0206,494.06,0.836317,0.846347,-0.045962
WEASEL2_r125,ArrowHead,36,175,251,3,43144,1.3298,0.9781,5.5892,49.27,0.857143,0.864643,-0.307672
WEASEL2_r125,Coffee,28,28,286,2,36950,1.2189,0.1965,7.0172,33.47,1.0,1.0,-0.113933
WEASEL2_r125,Crop,7200,16800,46,24,53050,91.2541,26.3903,1.5708,11660.75,0.761786,0.761786,-0.067462
WEASEL2_r125,DistalPhalanxOutlineCorrect,600,276,80,2,47356,5.6794,0.6446,2.3354,868.71,0.768116,0.747826,-0.400258
WEASEL2_r125,EOGHorizontalSignal,362,362,1250,12,55584,17.7245,11.042,30.5027,618.02,0.629834,0.630429,-0.112265
WEASEL2_r125,ElectricDevices,8926,7711,96,7,51697,155.962,20.3492,2.639,14084.93,0.767086,0.664765,-0.112253
WEASEL2_r125,FiftyWords,450,455,270,50,49907,6.4452,2.4288,5.3381,687.71,0.828571,0.728233,-0.036418
WEASEL2_r125,Fish,175,175,463,7,41818,4.1897,1.6657,9.5183,225.62,0.977143,0.977279,-0.082718
WEASEL2_r125,FordA,3601,1320,500,2,56926,78.5889,13.3874,10.1419,6258.4,0.963636,0.963744,-0.215931
WEASEL2_r125,GunPoint,50,150,150,2,41091,1.3059,0.5101,3.4004,64.35,1.0,1.0,-0.078447
WEASEL2_r125,Haptics,155,308,1092,5,47113,6.8472,7.3143,23.7477,226.38,0.503247,0.502787,-0.536644
WEASEL2_r125,HouseTwenty,40,119,2000,2,46304,4.0018,5.2184,43.8519,61.76,0.966387,0.96,-0.155754
WEASEL2_r125,InlineSkate,100,550,1882,7,47169,7.3493,21.5067,39.1032,148.98,0.445455,0.455459,-0.436032
WEASEL2_r125,ItalyPowerDemand,67,1029,24,2,33329,1.1266,0.7736,0.7518,69.52,0.954325,0.954282,-0.184688
WEASEL2_r125,MiddlePhalanxTW,399,154,80,6,36269,4.1392,0.4345,2.8217,443.17,0.538961,0.365751,-0.306484
WEASEL2_r125,Phoneme,214,1896,1024,39,43004,8.3011,44.3301,23.3808,284.33,0.352848,0.191452,-0.096808
WEASEL2_r125,Rock,20,50,2844,4,43966,3.4547,2.9248,58.4959,33.67,0.88,0.904762,-0.334241
WEASEL2_r125,SonyAIBORobotSurface1,20,601,70,2,41486,0.8978,0.9888,1.6452,26.82,0.936772,0.944126,-0.312126
WEASEL2_r125,SwedishLeaf,500,625,128,15,55660,5.2131,1.628,2.6048,851.16,0.9776,0.978457,-0.044005
WEASEL2_r125,UWaveGestureLibraryX,896,3582,315,8,51145,12.8545,26.9439,7.522,1400.69,0.841429,0.839713,-0.159146
WEASEL2_r25,ACSF1,100,100,1460,10,8716,1.2698,0.7308,7.3082,69.13,0.95,0.95,-0.206031
WEASEL2_r25,Adiac,390,391,176,37,8863,0.9694,0.3222,0.8241,106.14,0.84399,0.847731,-0.051477
WEASEL2_r25,ArrowHead,36,175,251,3,9117,0.2617,0.2004,1.145,10.47,0.874286,0.882053,-0.313307
WEASEL2_r25,Coffee,28,28,286,2,7710,0.2499,0.0382,1.3652,7.04,1.0,1.0,-0.111743
WEASEL2_r25,Crop,7200,16800,46,24,11794,46.1015,5.7843,0.3443,2594.54,0.730298,0.730298,-0.074169
WEASEL2_r25,DistalPhalanxOutlineCorrect,600,276,80,2,10349,1.1759,0.1328,0.481,189.91,0.793478,0.777019,-0.412742
WEASEL2_r25,EOGHorizontalSignal,362,362,1250,12,12235,3.3553,2.1368,5.9028,291.17,0.588398,0.589294,-0.123786
WEASEL2_r25,ElectricDevices,8926,7711,96,7,11423,85.3042,3.9982,0.5185,3383.73,0.759694,0.652781,-0.126608
WEASEL2_r25,FiftyWords,450,455,270,50,10834,1.3002,0.5121,1.1255,149.61,0.837363,0.7351,-0.037757
WEASEL2_r25,Fish,175,175,463,7,8751,0.8532,0.3427,1.958,47.28,0.977143,0.977279,-0.099054
WEASEL2_r25,FordA,3601,1320,500,2,12754,18.3483,2.7332,2.0706,1402.27,0.959091,0.959242,-0.222213
WEASEL2_r25,GunPoint,50,150,150,2,8479,0.2677,0.115,0.7665,13.34,1.0,1.0,-0.074953
WEASEL2_r25,Haptics,155,308,1092,5,10352,1.4044,1.41,4.5781,80.19,0.480519,0.47973,-0.508737
WEASEL2_r25,HouseTwenty,40,119,2000,2,10265,0.7808,1.1038,9.2756,38.27,0.94958,0.94,-0.171114
WEASEL2_r25,InlineSkate,100,550,1882,7,10359,1.502,4.6011,8.3656,86.96,0.421818,0.427985,-0.455891
WEASEL2_r25,ItalyPowerDemand,67,1029,24,2,7054,0.5603,0.2288,0.2223,29.27,0.95724,0.957189,-0.190609
WEASEL2_r25,MiddlePhalanxTW,399,154,80,6,7893,0.9023,0.1032,0.6701,96.53,0.564935,0.393577,-0.305725
WEASEL2_r25,Phoneme,214,1896,1024,39,9165,1.6587,8.3711,4.4152,97.51,0.34019,0.180784,-0.094109
WEASEL2_r25,Rock,20,50,2844,4,9395,0.7053,0.6063,12.1259,21.65,0.92,0.934524,-0.36486
WEASEL2_r25,SonyAIBORobotSurface1,20,601,70,2,8500,0.1848,0.2048,0.3408,5.57,0.948419,0.95433,-0.299297
WEASEL2_r25,SwedishLeaf,500,625,128,15,12178,1.0508,0.3522,0.5635,186.37,0.9648,0.965974,-0.051778
WEASEL2_r25,UWaveGestureLibraryX,896,3582,315,8,10981,2.6595,5.2907,1.477,300.87,0.835567,0.833857,-0.169229
WEASEL2_r50,ACSF1,100,100,1460,10,17897,2.337,1.2754,12.7542,62.29,0.94,0.94,-0.187007
WEASEL2_r50,Adiac,390,391,176,37,17068,1.9576,0.6151,1.5732,204.12,0.828645,0.836502,-0.049344
WEASEL2_r50,ArrowHead,36,175,251,3,18966,0.5266,0.3977,2.2727,21.66,0.857143,0.864643,-0.316231
WEASEL2_r50,Coffee,28,28,286,2,16470,0.4946,0.0727,2.5949,14.9,1.0,1.0,-0.11435
WEASEL2_r50,Crop,7200,16800,46,24,22044,57.9821,10.8626,0.6466,4847.03,0.749583,0.749583,-0.070384
WEASEL2_r50,DistalPhalanxOutlineCorrect,600,276,80,2,19389,2.3624,0.2542,0.921,355.73,0.768116,0.749068,-0.406532
WEASEL2_r50,EOGHorizontalSignal,362,362,1250,12,23218,6.5419,4.4586,12.3165,365.75,0.604972,0.605973,-0.12051
WEASEL2_r50,ElectricDevices,8926,7711,96,7,21332,100.7615,7.7501,1.0051,5812.58,0.765789,0.661396,-0.119584
WEASEL2_r50,FiftyWords,450,455,270,50,20389,2.5683,0.951,2.0902,281.21,0.837363,0.741123,-0.036961
WEASEL2_r50,Fish,175,175,463,7,18496,1.6762,0.6662,3.807,99.78,0.988571,0.988946,-0.090762
WEASEL2_r50,FordA,3601,1320,500,2,24114,32.7731,6.167,4.672,2651.14,0.962121,0.962228,-0.218439
WEASEL2_r50,GunPoint,50,150,150,2,17829,0.5249,0.2236,1.4905,27.93,1.0,1.0,-0.077238
WEASEL2_r50,Haptics,155,308,1092,5,21174,2.7144,3.022,9.8118,101.65,0.49026,0.490125,-0.529663
WEASEL2_r50,HouseTwenty,40,119,2000,2,20845,1.5777,2.0618,17.326,34.22,0.966387,0.96,-0.147869
WEASEL2_r50,InlineSkate,100,550,1882,7,21267,2.9201,8.8046,16.0083,96.79,0.443636,0.449845,-0.444004
WEASEL2_r50,ItalyPowerDemand,67,1029,24,2,14584,0.4596,0.3101,0.3014,30.46,0.959184,0.959144,-0.193601
WEASEL2_r50,MiddlePhalanxTW,399,154,80,6,14937,1.6548,0.1503,0.976,182.58,0.577922,0.401733,-0.305886
WEASEL2_r50,Phoneme,214,1896,1024,39,19274,3.2985,16.6081,8.7595,127.42,0.348101,0.184947,-0.095376
WEASEL2_r50,Rock,20,50,2844,4,19712,1.4023,1.1813,23.627,23.41,0.9,0.922619,-0.363261
WEASEL2_r50,SonyAIBORobotSurface1,20,601,70,2,17636,0.3621,0.4121,0.6857,11.44,0.943428,0.949957,-0.301423
WEASEL2_r50,SwedishLeaf,500,625,128,15,23107,2.0854,0.6505,1.0409,353.46,0.9712,0.971783,-0.047761
WEASEL2_r50,UWaveGestureLibraryX,896,3582,315,8,21137,5.2376,10.3161,2.88,578.98,0.835567,0.833865,-0.166071
WEASEL2_r75,ACSF1,100,100,1460,10,25091,3.529,1.8523,18.523,79.13,0.94,0.94,-0.176827
WEASEL2_r75,Adiac,390,391,176,37,25840,2.8997,0.9428,2.4112,308.86,0.841432,0.852275,-0.046973
WEASEL2_r75,ArrowHead,36,175,251,3,26416,0.7921,0.5893,3.3677,30.19,0.868571,0.874305,-0.330841
WEASEL2_r75,Coffee,28,28,286,2,22926,0.7381,0.1166,4.1636,20.77,1.0,1.0,-0.117994
WEASEL2_r75,Crop,7200,16800,46,24,32527,68.876,15.7176,0.9356,7150.72,0.757619,0.757619,-0.068659
WEASEL2_r75,DistalPhalanxOutlineCorrect,600,276,80,2,28176,3.5563,0.3966,1.4371,516.92,0.778986,0.762112,-0.404318
WEASEL2_r75,EOGHorizontalSignal,362,362,1250,12,35473,10.1315,7.1883,19.857,394.35,0.604972,0.605877,-0.115999
WEASEL2_r75,ElectricDevices,8926,7711,96,7,31625,116.737,11.156,1.4468,8616.7,0.76955,0.667755,-0.116
WEASEL2_r75,FiftyWords,450,455,270,50,31408,3.8482,1.4846,3.2628,432.92,0.832967,0.7349,-0.036757
WEASEL2_r75,Fish,175,175,463,7,25844,2.4902,0.9962,5.6924,139.45,0.982857,0.982993,-0.088212
WEASEL2_r75,FordA,3601,1320,500,2,36530,48.5995,8.5866,6.505,4016.07,0.960606,0.960663,-0.219459
WEASEL2_r75,GunPoint,50,150,150,2,24932,0.7715,0.3157,2.1043,39.08,1.0,1.0,-0.078627
WEASEL2_r75,Haptics,155,308,1092,5,29569,4.1452,4.3473,14.1145,142.04,0.493506,0.491723,-0.530654
WEASEL2_r75,HouseTwenty,40,119,2000,2,28990,2.2797,3.0349,25.5035,44.22,0.957983,0.95,-0.1492
WEASEL2_r75,InlineSkate,100,550,1882,7,29680,4.376,12.9213,23.4933,93.69,0.454545,0.458783,-0.448027
WEASEL2_r75,ItalyPowerDemand,67,1029,24,2,20475,0.7472,0.4978,0.4838,42.77,0.959184,0.959144,-0.194124
WEASEL2_r75,MiddlePhalanxTW,399,154,80,6,21510,2.6352,0.2192,1.4237,262.89,0.558442,0.388478,-0.305207
WEASEL2_r75,Phoneme,214,1896,1024,39,26837,4.9408,25.5988,13.5015,177.46,0.353376,0.190194,-0.0967
WEASEL2_r75,Rock,20,50,2844,4,27440,2.0772,1.7727,35.4545,27.45,0.88,0.904762,-0.36711
WEASEL2_r75,SonyAIBORobotSurface1,20,601,70,2,24787,0.5444,0.6137,1.0211,16.07,0.930116,0.938295,-0.298896
WEASEL2_r75,SwedishLeaf,500,625,128,15,35123,3.1034,0.9784,1.5654,537.15,0.976,0.976839,-0.045596
WEASEL2_r75,UWaveGestureLibraryX,896,3582,315,8,32232,7.8583,16.1457,4.5074,882.76,0.845338,0.843718,-0.161944
